"ecode","oslaua","local_authority","adult_sc","year"
"E3831","E07000223","Adur","-65","2013-14"
"E3831","E07000223","Adur","-66","2014-15"
"E3831","E07000223","Adur","-30","2015-16"
"E3831","E07000223","Adur","10","2016-17"
"E3831","E07000223","Adur","21","2017-18"
"E0931","E07000026","Allerdale","0","2013-14"
"E0931","E07000026","Allerdale","0","2014-15"
"E0931","E07000026","Allerdale","0","2015-16"
"E0931","E07000026","Allerdale","0","2016-17"
"E0931","E07000026","Allerdale","0","2017-18"
"E1031","E07000032","Amber Valley","0","2013-14"
"E1031","E07000032","Amber Valley","0","2014-15"
"E1031","E07000032","Amber Valley","0","2015-16"
"E1031","E07000032","Amber Valley","0","2016-17"
"E1031","E07000032","Amber Valley","0","2017-18"
"E3832","E07000224","Arun","0","2013-14"
"E3832","E07000224","Arun","0","2014-15"
"E3832","E07000224","Arun","0","2015-16"
"E3832","E07000224","Arun","0","2016-17"
"E3832","E07000224","Arun","0","2017-18"
"E3031","E07000170","Ashfield","0","2013-14"
"E3031","E07000170","Ashfield","0","2014-15"
"E3031","E07000170","Ashfield","0","2015-16"
"E3031","E07000170","Ashfield","0","2016-17"
"E3031","E07000170","Ashfield","0","2017-18"
"E2231","E07000105","Ashford","0","2013-14"
"E2231","E07000105","Ashford","0","2014-15"
"E2231","E07000105","Ashford","0","2015-16"
"E2231","E07000105","Ashford","0","2016-17"
"E2231","E07000105","Ashford","0","2017-18"
"E0431","E07000004","Aylesbury Vale","0","2015-16"
"E0431","E07000004","Aylesbury Vale","0","2016-17"
"E0431","E07000004","Aylesbury Vale","0","2017-18"
"E0431","E07000004","Aylesbury Vale DC","0","2013-14"
"E0431","E07000004","Aylesbury Vale DC","0","2014-15"
"E3531","E07000200","Babergh","0","2013-14"
"E3531","E07000200","Babergh","0","2014-15"
"E3531","E07000200","Babergh","0","2015-16"
"E3531","E07000200","Babergh","0","2016-17"
"E3531","E07000200","Babergh","0","2017-18"
"E5030","E09000002","Barking & Dagenham","47900","2013-14"
"E5030","E09000002","Barking & Dagenham","42109","2014-15"
"E5030","E09000002","Barking & Dagenham","43571.900000000016","2015-16"
"E5030","E09000002","Barking & Dagenham","41913","2016-17"
"E5030","E09000002","Barking & Dagenham","41634","2017-18"
"E5031","E09000003","Barnet","100982","2013-14"
"E5031","E09000003","Barnet","93603","2014-15"
"E5031","E09000003","Barnet","98704","2015-16"
"E5031","E09000003","Barnet","100783","2016-17"
"E5031","E09000003","Barnet","110063.283249474","2017-18"
"E4401","E08000016","Barnsley","61972","2013-14"
"E4401","E08000016","Barnsley","51043","2014-15"
"E4401","E08000016","Barnsley","45926","2015-16"
"E4401","E08000016","Barnsley","57200","2016-17"
"E4401","E08000016","Barnsley","66210","2017-18"
"E0932","E07000027","Barrow-in-Furness","0","2013-14"
"E0932","E07000027","Barrow-in-Furness","0","2014-15"
"E0932","E07000027","Barrow-in-Furness","0","2015-16"
"E0932","E07000027","Barrow-in-Furness","0","2016-17"
"E0932","E07000027","Barrow-in-Furness","0","2017-18"
"E1531","E07000066","Basildon","361","2013-14"
"E1531","E07000066","Basildon","265","2014-15"
"E1531","E07000066","Basildon","170","2015-16"
"E1531","E07000066","Basildon","402","2016-17"
"E1531","E07000066","Basildon","414","2017-18"
"E1731","E07000084","Basingstoke & Deane","0","2013-14"
"E1731","E07000084","Basingstoke & Deane","0","2014-15"
"E1731","E07000084","Basingstoke & Deane","0","2015-16"
"E1731","E07000084","Basingstoke & Deane","0","2016-17"
"E1731","E07000084","Basingstoke & Deane","0","2017-18"
"E3032","E07000171","Bassetlaw","0","2013-14"
"E3032","E07000171","Bassetlaw","0","2014-15"
"E3032","E07000171","Bassetlaw","0","2015-16"
"E3032","E07000171","Bassetlaw","0","2016-17"
"E3032","E07000171","Bassetlaw","0","2017-18"
"E0101","E06000022","Bath & North East Somerset UA","52404","2013-14"
"E0101","E06000022","Bath & North East Somerset UA","53307","2014-15"
"E0101","E06000022","Bath & North East Somerset UA","58999","2015-16"
"E0101","E06000022","Bath & North East Somerset UA","55802","2016-17"
"E0101","E06000022","Bath & North East Somerset UA","57805.2915105244","2017-18"
"E0202","E06000055","Bedford UA","46862","2013-14"
"E0202","E06000055","Bedford UA","46935","2014-15"
"E0202","E06000055","Bedford UA","48717","2015-16"
"E0202","E06000055","Bedford UA","53203","2016-17"
"E0202","E06000055","Bedford UA","58290","2017-18"
"E5032","E09000004","Bexley","54713","2013-14"
"E5032","E09000004","Bexley","52094","2014-15"
"E5032","E09000004","Bexley","52274","2015-16"
"E5032","E09000004","Bexley","52322","2016-17"
"E5032","E09000004","Bexley","53640.4057892482","2017-18"
"E4601","E08000025","Birmingham","282369","2013-14"
"E4601","E08000025","Birmingham","274921","2014-15"
"E4601","E08000025","Birmingham","274135","2015-16"
"E4601","E08000025","Birmingham","232556","2016-17"
"E4601","E08000025","Birmingham","319019","2017-18"
"E2431","E07000129","Blaby","0","2013-14"
"E2431","E07000129","Blaby","-113","2014-15"
"E2431","E07000129","Blaby","69","2015-16"
"E2431","E07000129","Blaby","1","2016-17"
"E2431","E07000129","Blaby","21","2017-18"
"E2301","E06000008","Blackburn with Darwen UA","38884","2013-14"
"E2301","E06000008","Blackburn with Darwen UA","39745","2014-15"
"E2301","E06000008","Blackburn with Darwen UA","40522","2015-16"
"E2301","E06000008","Blackburn with Darwen UA","39943","2016-17"
"E2301","E06000008","Blackburn with Darwen UA","46554","2017-18"
"E2302","E06000009","Blackpool UA","42579","2013-14"
"E2302","E06000009","Blackpool UA","41459","2014-15"
"E2302","E06000009","Blackpool UA","44142","2015-16"
"E2302","E06000009","Blackpool UA","44472","2016-17"
"E2302","E06000009","Blackpool UA","50407","2017-18"
"E1032","E07000033","Bolsover","0","2013-14"
"E1032","E07000033","Bolsover","0","2014-15"
"E1032","E07000033","Bolsover","0","2015-16"
"E1032","E07000033","Bolsover","0","2016-17"
"E1032","E07000033","Bolsover","0","2017-18"
"E4201","E08000001","Bolton","64734","2013-14"
"E4201","E08000001","Bolton","63900","2014-15"
"E4201","E08000001","Bolton","62976","2015-16"
"E4201","E08000001","Bolton","69400","2016-17"
"E4201","E08000001","Bolton","73774","2017-18"
"E2531","E07000136","Boston","0","2015-16"
"E2531","E07000136","Boston","0","2016-17"
"E2531","E07000136","Boston","0","2017-18"
"E2531","E07000136","Boston BC","0","2013-14"
"E2531","E07000136","Boston BC","0","2014-15"
"E1202","E06000028","Bournemouth UA","51817","2013-14"
"E1202","E06000028","Bournemouth UA","51242","2014-15"
"E1202","E06000028","Bournemouth UA","54112","2015-16"
"E1202","E06000028","Bournemouth UA","54764","2016-17"
"E1202","E06000028","Bournemouth UA","58095.52","2017-18"
"E0301","E06000036","Bracknell Forest UA","31081","2013-14"
"E0301","E06000036","Bracknell Forest UA","31743","2014-15"
"E0301","E06000036","Bracknell Forest UA","33240","2015-16"
"E0301","E06000036","Bracknell Forest UA","33472","2016-17"
"E0301","E06000036","Bracknell Forest UA","33826","2017-18"
"E4701","E08000032","Bradford","121718","2013-14"
"E4701","E08000032","Bradford","122258","2014-15"
"E4701","E08000032","Bradford","124159","2015-16"
"E4701","E08000032","Bradford","123644","2016-17"
"E4701","E08000032","Bradford","116944","2017-18"
"E1532","E07000067","Braintree","0","2013-14"
"E1532","E07000067","Braintree","0","2014-15"
"E1532","E07000067","Braintree","0","2015-16"
"E1532","E07000067","Braintree","0","2016-17"
"E1532","E07000067","Braintree","0","2017-18"
"E2631","E07000143","Breckland","0","2013-14"
"E2631","E07000143","Breckland","0","2014-15"
"E2631","E07000143","Breckland","0","2015-16"
"E2631","E07000143","Breckland","0","2016-17"
"E2631","E07000143","Breckland","0","2017-18"
"E5033","E09000005","Brent","84993","2013-14"
"E5033","E09000005","Brent","69357","2014-15"
"E5033","E09000005","Brent","68696","2015-16"
"E5033","E09000005","Brent","76962","2016-17"
"E5033","E09000005","Brent","84915","2017-18"
"E1533","E07000068","Brentwood","0","2013-14"
"E1533","E07000068","Brentwood","0","2014-15"
"E1533","E07000068","Brentwood","0","2015-16"
"E1533","E07000068","Brentwood","0","2016-17"
"E1533","E07000068","Brentwood","0","2017-18"
"E1401","E06000043","Brighton & Hove UA","82486","2013-14"
"E1401","E06000043","Brighton & Hove UA","81068","2014-15"
"E1401","E06000043","Brighton & Hove UA","79134","2015-16"
"E1401","E06000043","Brighton & Hove UA","79610","2016-17"
"E1401","E06000043","Brighton & Hove UA","81768","2017-18"
"E0102","E06000023","Bristol UA","134093","2013-14"
"E0102","E06000023","Bristol UA","157591","2014-15"
"E0102","E06000023","Bristol UA","146275","2015-16"
"E0102","E06000023","Bristol UA","128760","2016-17"
"E0102","E06000023","Bristol UA","144996.45950663","2017-18"
"E2632","E07000144","Broadland","0","2013-14"
"E2632","E07000144","Broadland","0","2014-15"
"E2632","E07000144","Broadland","0","2015-16"
"E2632","E07000144","Broadland","0","2016-17"
"E2632","E07000144","Broadland","0","2017-18"
"E5034","E09000006","Bromley","68704","2013-14"
"E5034","E09000006","Bromley","67948","2014-15"
"E5034","E09000006","Bromley","64739","2015-16"
"E5034","E09000006","Bromley","66206","2016-17"
"E5034","E09000006","Bromley","72647","2017-18"
"E1831","E07000234","Bromsgrove","0","2013-14"
"E1831","E07000234","Bromsgrove","0","2014-15"
"E1831","E07000234","Bromsgrove","0","2015-16"
"E1831","E07000234","Bromsgrove","0","2016-17"
"E1831","E07000234","Bromsgrove","0","2017-18"
"E1931","E07000095","Broxbourne","456","2013-14"
"E1931","E07000095","Broxbourne","385","2014-15"
"E1931","E07000095","Broxbourne","0","2015-16"
"E1931","E07000095","Broxbourne","0","2016-17"
"E1931","E07000095","Broxbourne","0","2017-18"
"E3033","E07000172","Broxtowe","0","2013-14"
"E3033","E07000172","Broxtowe","0","2014-15"
"E3033","E07000172","Broxtowe","0","2015-16"
"E3033","E07000172","Broxtowe","0","2016-17"
"E3033","E07000172","Broxtowe","0","2017-18"
"E0421","E10000002","Buckinghamshire","135297","2015-16"
"E0421","E10000002","Buckinghamshire","132644","2016-17"
"E0421","E10000002","Buckinghamshire","139897","2017-18"
"E0421","E10000002","Buckinghamshire CC","119760","2013-14"
"E0421","E10000002","Buckinghamshire CC","126751","2014-15"
"E2333","E07000117","Burnley","-18","2013-14"
"E2333","E07000117","Burnley","2","2014-15"
"E2333","E07000117","Burnley","1","2015-16"
"E2333","E07000117","Burnley","4","2016-17"
"E2333","E07000117","Burnley","3","2017-18"
"E4202","E08000002","Bury","46403","2015-16"
"E4202","E08000002","Bury","47653","2016-17"
"E4202","E08000002","Bury","53459","2017-18"
"E4202","E08000002","Bury MBC","54801","2013-14"
"E4202","E08000002","Bury MBC","47277","2014-15"
"E4702","E08000033","Calderdale","48018","2013-14"
"E4702","E08000033","Calderdale","48003","2014-15"
"E4702","E08000033","Calderdale","46206.185999999987","2015-16"
"E4702","E08000033","Calderdale","47244","2016-17"
"E4702","E08000033","Calderdale","53540","2017-18"
"E0531","E07000008","Cambridge","0","2013-14"
"E0531","E07000008","Cambridge","0","2014-15"
"E0531","E07000008","Cambridge","0","2015-16"
"E0531","E07000008","Cambridge","0","2016-17"
"E0531","E07000008","Cambridge","0","2017-18"
"E0521","E10000003","Cambridgeshire","146632.23566000001","2015-16"
"E0521","E10000003","Cambridgeshire","153752","2016-17"
"E0521","E10000003","Cambridgeshire","153610","2017-18"
"E0521","E10000003","Cambridgeshire CC","173959","2013-14"
"E0521","E10000003","Cambridgeshire CC","159378","2014-15"
"E5011","E09000007","Camden","88002","2013-14"
"E5011","E09000007","Camden","85660","2014-15"
"E5011","E09000007","Camden","77571","2015-16"
"E5011","E09000007","Camden","71103","2016-17"
"E5011","E09000007","Camden","82616.36385","2017-18"
"E3431","E07000192","Cannock Chase","0","2013-14"
"E3431","E07000192","Cannock Chase","0","2014-15"
"E3431","E07000192","Cannock Chase","0","2015-16"
"E3431","E07000192","Cannock Chase","0","2016-17"
"E3431","E07000192","Cannock Chase","0","2017-18"
"E2232","E07000106","Canterbury","0","2013-14"
"E2232","E07000106","Canterbury","0","2014-15"
"E2232","E07000106","Canterbury","0","2015-16"
"E2232","E07000106","Canterbury","0","2016-17"
"E2232","E07000106","Canterbury","0","2017-18"
"E0933","E07000028","Carlisle","0","2013-14"
"E0933","E07000028","Carlisle","0","2014-15"
"E0933","E07000028","Carlisle","0","2015-16"
"E0933","E07000028","Carlisle","0","2016-17"
"E0933","E07000028","Carlisle","0","2017-18"
"E1534","E07000069","Castle Point","0","2013-14"
"E1534","E07000069","Castle Point","0","2014-15"
"E1534","E07000069","Castle Point","0","2015-16"
"E1534","E07000069","Castle Point","0","2016-17"
"E1534","E07000069","Castle Point","0","2017-18"
"E0203","E06000056","Central Bedfordshire UA","65153","2013-14"
"E0203","E06000056","Central Bedfordshire UA","54544","2014-15"
"E0203","E06000056","Central Bedfordshire UA","80795","2015-16"
"E0203","E06000056","Central Bedfordshire UA","69782","2016-17"
"E0203","E06000056","Central Bedfordshire UA","74945.4418462801","2017-18"
"E2432","E07000130","Charnwood","0","2015-16"
"E2432","E07000130","Charnwood","0","2016-17"
"E2432","E07000130","Charnwood","0","2017-18"
"E2432","E07000130","Charnwood BC","0","2013-14"
"E2432","E07000130","Charnwood BC","0","2014-15"
"E1535","E07000070","Chelmsford","0","2013-14"
"E1535","E07000070","Chelmsford","0","2014-15"
"E1535","E07000070","Chelmsford","0","2015-16"
"E1535","E07000070","Chelmsford","0","2016-17"
"E1535","E07000070","Chelmsford","0","2017-18"
"E1631","E07000078","Cheltenham","0","2013-14"
"E1631","E07000078","Cheltenham","0","2014-15"
"E1631","E07000078","Cheltenham","0","2015-16"
"E1631","E07000078","Cheltenham","0","2016-17"
"E1631","E07000078","Cheltenham","0","2017-18"
"E3131","E07000177","Cherwell","0","2013-14"
"E3131","E07000177","Cherwell","0","2014-15"
"E3131","E07000177","Cherwell","0","2015-16"
"E3131","E07000177","Cherwell","0","2016-17"
"E3131","E07000177","Cherwell","0","2017-18"
"E0603","E06000049","Cheshire East UA","96839","2013-14"
"E0603","E06000049","Cheshire East UA","98621","2014-15"
"E0603","E06000049","Cheshire East UA","98141","2015-16"
"E0603","E06000049","Cheshire East UA","105339","2016-17"
"E0603","E06000049","Cheshire East UA","108770","2017-18"
"E0604","E06000050","Cheshire West and Chester UA","85712","2013-14"
"E0604","E06000050","Cheshire West and Chester UA","82642","2014-15"
"E0604","E06000050","Cheshire West and Chester UA","83741","2015-16"
"E0604","E06000050","Cheshire West and Chester UA","93394","2016-17"
"E0604","E06000050","Cheshire West and Chester UA","102246","2017-18"
"E1033","E07000034","Chesterfield","0","2013-14"
"E1033","E07000034","Chesterfield","0","2014-15"
"E1033","E07000034","Chesterfield","0","2015-16"
"E1033","E07000034","Chesterfield","0","2016-17"
"E1033","E07000034","Chesterfield","0","2017-18"
"E3833","E07000225","Chichester","59","2013-14"
"E3833","E07000225","Chichester","44","2014-15"
"E3833","E07000225","Chichester","152.06999999999982","2015-16"
"E3833","E07000225","Chichester","100","2016-17"
"E3833","E07000225","Chichester","138","2017-18"
"E0432","E07000005","Chiltern","0","2013-14"
"E0432","E07000005","Chiltern","0","2014-15"
"E0432","E07000005","Chiltern","0","2015-16"
"E0432","E07000005","Chiltern","0","2016-17"
"E0432","E07000005","Chiltern","0","2017-18"
"E2334","E07000118","Chorley","0","2013-14"
"E2334","E07000118","Chorley","0","2014-15"
"E2334","E07000118","Chorley","0","2015-16"
"E2334","E07000118","Chorley","0","2016-17"
"E2334","E07000118","Chorley","0","2017-18"
"E1232","E07000048","Christchurch","0","2013-14"
"E1232","E07000048","Christchurch","0","2014-15"
"E1232","E07000048","Christchurch","0","2015-16"
"E1232","E07000048","Christchurch","0","2016-17"
"E1232","E07000048","Christchurch","0","2017-18"
"E5010","E09000001","City of London","5288","2013-14"
"E5010","E09000001","City of London","5926","2014-15"
"E5010","E09000001","City of London","5494","2015-16"
"E5010","E09000001","City of London","5852","2016-17"
"E5010","E09000001","City of London","6093","2017-18"
"E3001","E06000018","City of Nottingham UA","87856","2015-16"
"E3001","E06000018","City of Nottingham UA","86245","2016-17"
"E3001","E06000018","City of Nottingham UA","97725","2017-18"
"E1536","E07000071","Colchester","194","2013-14"
"E1536","E07000071","Colchester","0","2014-15"
"E1536","E07000071","Colchester","353","2015-16"
"E1536","E07000071","Colchester","0","2016-17"
"E1536","E07000071","Colchester","-229","2017-18"
"E0934","E07000029","Copeland","0","2013-14"
"E0934","E07000029","Copeland","0","2014-15"
"E0934","E07000029","Copeland","â€¦","2015-16"
"E0934","E07000029","Copeland","0","2016-17"
"E0934","E07000029","Copeland","0","2017-18"
"E2831","E07000150","Corby","0","2013-14"
"E2831","E07000150","Corby","0","2014-15"
"E2831","E07000150","Corby","0","2015-16"
"E2831","E07000150","Corby","0","2016-17"
"E2831","E07000150","Corby","0","2017-18"
"E0801","E06000052","Cornwall UA","151201","2013-14"
"E0801","E06000052","Cornwall UA","137977","2014-15"
"E0801","E06000052","Cornwall UA","143028","2015-16"
"E0801","E06000052","Cornwall UA","144282","2016-17"
"E0801","E06000052","Cornwall UA","169722.99","2017-18"
"E1632","E07000079","Cotswold","0","2013-14"
"E1632","E07000079","Cotswold","0","2014-15"
"E1632","E07000079","Cotswold","0","2015-16"
"E1632","E07000079","Cotswold","0","2016-17"
"E1632","E07000079","Cotswold","0","2017-18"
"E4602","E08000026","Coventry","74975","2013-14"
"E4602","E08000026","Coventry","73964","2014-15"
"E4602","E08000026","Coventry","74876.371290999843","2015-16"
"E4602","E08000026","Coventry","85204","2016-17"
"E4602","E08000026","Coventry","91045","2017-18"
"E2731","E07000163","Craven","0","2013-14"
"E2731","E07000163","Craven","0","2014-15"
"E2731","E07000163","Craven","0","2015-16"
"E2731","E07000163","Craven","0","2016-17"
"E2731","E07000163","Craven","0","2017-18"
"E3834","E07000226","Crawley","0","2013-14"
"E3834","E07000226","Crawley","0","2014-15"
"E3834","E07000226","Crawley","0","2015-16"
"E3834","E07000226","Crawley","0","2016-17"
"E3834","E07000226","Crawley","0","2017-18"
"E5035","E09000008","Croydon","99615","2013-14"
"E5035","E09000008","Croydon","109732","2014-15"
"E5035","E09000008","Croydon","99927","2015-16"
"E5035","E09000008","Croydon","103551","2016-17"
"E5035","E09000008","Croydon","105742.802612291","2017-18"
"E0920","E10000006","Cumbria","135010.37117000003","2015-16"
"E0920","E10000006","Cumbria","127615","2016-17"
"E0920","E10000006","Cumbria","143965","2017-18"
"E0920","E10000006","Cumbria CC","140255","2013-14"
"E0920","E10000006","Cumbria CC","136153","2014-15"
"E1932","E07000096","Dacorum","0","2013-14"
"E1932","E07000096","Dacorum","0","2014-15"
"E1932","E07000096","Dacorum","0","2015-16"
"E1932","E07000096","Dacorum","0","2016-17"
"E1932","E07000096","Dacorum","0","2017-18"
"E1301","E06000005","Darlington UA","29149","2013-14"
"E1301","E06000005","Darlington UA","30128","2014-15"
"E1301","E06000005","Darlington UA","30489","2015-16"
"E1301","E06000005","Darlington UA","32017","2016-17"
"E1301","E06000005","Darlington UA","33735","2017-18"
"E2233","E07000107","Dartford","0","2013-14"
"E2233","E07000107","Dartford","0","2014-15"
"E2233","E07000107","Dartford","0","2015-16"
"E2233","E07000107","Dartford","0","2016-17"
"E2233","E07000107","Dartford","0","2017-18"
"E2832","E07000151","Daventry","0","2015-16"
"E2832","E07000151","Daventry","0","2016-17"
"E2832","E07000151","Daventry","0","2017-18"
"E2832","E07000151","Daventry DC","0","2013-14"
"E2832","E07000151","Daventry DC","0","2014-15"
"E1001","E06000015","Derby City UA","67174","2013-14"
"E1001","E06000015","Derby City UA","67103","2014-15"
"E1001","E06000015","Derby City UA","70221","2015-16"
"E1001","E06000015","Derby City UA","73704","2016-17"
"E1001","E06000015","Derby City UA","80851","2017-18"
"E1021","E10000007","Derbyshire","202416","2015-16"
"E1021","E10000007","Derbyshire","182854","2016-17"
"E1021","E10000007","Derbyshire","201770","2017-18"
"E1021","E10000007","Derbyshire CC","216549","2013-14"
"E1021","E10000007","Derbyshire CC","218950","2014-15"
"E1035","E07000035","Derbyshire Dales","0","2013-14"
"E1035","E07000035","Derbyshire Dales","0","2014-15"
"E1035","E07000035","Derbyshire Dales","0","2015-16"
"E1035","E07000035","Derbyshire Dales","0","2016-17"
"E1035","E07000035","Derbyshire Dales","0","2017-18"
"E1121","E10000008","Devon","206838","2015-16"
"E1121","E10000008","Devon","215768","2016-17"
"E1121","E10000008","Devon","242999","2017-18"
"E1121","E10000008","Devon CC","216289","2013-14"
"E1121","E10000008","Devon CC","213873","2014-15"
"E4402","E08000017","Doncaster","77049","2013-14"
"E4402","E08000017","Doncaster","74986","2014-15"
"E4402","E08000017","Doncaster","82874","2015-16"
"E4402","E08000017","Doncaster","77795","2016-17"
"E4402","E08000017","Doncaster","86952","2017-18"
"E1221","E10000009","Dorset","121260.427","2015-16"
"E1221","E10000009","Dorset","122036","2016-17"
"E1221","E10000009","Dorset","133481","2017-18"
"E1221","E10000009","Dorset CC","119415","2013-14"
"E1221","E10000009","Dorset CC","123141","2014-15"
"E2234","E07000108","Dover","0","2013-14"
"E2234","E07000108","Dover","0","2014-15"
"E2234","E07000108","Dover","0","2015-16"
"E2234","E07000108","Dover","0","2016-17"
"E2234","E07000108","Dover","0","2017-18"
"E4603","E08000027","Dudley","90099","2013-14"
"E4603","E08000027","Dudley","91379","2014-15"
"E4603","E08000027","Dudley","92458","2015-16"
"E4603","E08000027","Dudley","95722","2016-17"
"E4603","E08000027","Dudley","96890","2017-18"
"E1302","E06000047","Durham UA","133484","2013-14"
"E1302","E06000047","Durham UA","129229","2014-15"
"E1302","E06000047","Durham UA","129801","2015-16"
"E1302","E06000047","Durham UA","136134","2016-17"
"E1302","E06000047","Durham UA","149723","2017-18"
"E5036","E09000009","Ealing","76914","2013-14"
"E5036","E09000009","Ealing","86953","2014-15"
"E5036","E09000009","Ealing","88801","2015-16"
"E5036","E09000009","Ealing","63425","2016-17"
"E5036","E09000009","Ealing","75266","2017-18"
"E0532","E07000009","East Cambridgeshire","0","2013-14"
"E0532","E07000009","East Cambridgeshire","0","2014-15"
"E0532","E07000009","East Cambridgeshire","0","2015-16"
"E0532","E07000009","East Cambridgeshire","0","2016-17"
"E0532","E07000009","East Cambridgeshire","0","2017-18"
"E1131","E07000040","East Devon","0","2013-14"
"E1131","E07000040","East Devon","0","2014-15"
"E1131","E07000040","East Devon","0","2015-16"
"E1131","E07000040","East Devon","0","2016-17"
"E1131","E07000040","East Devon","0","2017-18"
"E1233","E07000049","East Dorset","0","2013-14"
"E1233","E07000049","East Dorset","0","2014-15"
"E1233","E07000049","East Dorset","0","2015-16"
"E1233","E07000049","East Dorset","0","2016-17"
"E1233","E07000049","East Dorset","0","2017-18"
"E1732","E07000085","East Hampshire","28","2013-14"
"E1732","E07000085","East Hampshire","0","2014-15"
"E1732","E07000085","East Hampshire","0","2015-16"
"E1732","E07000085","East Hampshire","0","2016-17"
"E1732","E07000085","East Hampshire","0","2017-18"
"E1933","E07000242","East Hertfordshire","0","2013-14"
"E1933","E07000242","East Hertfordshire","0","2014-15"
"E1933","E07000242","East Hertfordshire","0","2015-16"
"E1933","E07000242","East Hertfordshire","0","2016-17"
"E1933","E07000242","East Hertfordshire","0","2017-18"
"E2532","E07000137","East Lindsey","0","2013-14"
"E2532","E07000137","East Lindsey","0","2014-15"
"E2532","E07000137","East Lindsey","0","2015-16"
"E2532","E07000137","East Lindsey","0","2016-17"
"E2532","E07000137","East Lindsey","0","2017-18"
"E2833","E07000152","East Northamptonshire","0","2013-14"
"E2833","E07000152","East Northamptonshire","0","2014-15"
"E2833","E07000152","East Northamptonshire","0","2015-16"
"E2833","E07000152","East Northamptonshire","0","2016-17"
"E2833","E07000152","East Northamptonshire","0","2017-18"
"E2001","E06000011","East Riding of Yorkshire UA","69870","2013-14"
"E2001","E06000011","East Riding of Yorkshire UA","74501","2014-15"
"E2001","E06000011","East Riding of Yorkshire UA","78520","2015-16"
"E2001","E06000011","East Riding of Yorkshire UA","86834","2016-17"
"E2001","E06000011","East Riding of Yorkshire UA","85078","2017-18"
"E3432","E07000193","East Staffordshire","0","2013-14"
"E3432","E07000193","East Staffordshire","0","2014-15"
"E3432","E07000193","East Staffordshire","0","2015-16"
"E3432","E07000193","East Staffordshire","0","2016-17"
"E3432","E07000193","East Staffordshire","0","2017-18"
"E1421","E10000011","East Sussex","169089","2015-16"
"E1421","E10000011","East Sussex","171443","2016-17"
"E1421","E10000011","East Sussex","190987","2017-18"
"E1421","E10000011","East Sussex CC","181047","2013-14"
"E1421","E10000011","East Sussex CC","168976","2014-15"
"E1432","E07000061","Eastbourne","0","2013-14"
"E1432","E07000061","Eastbourne","0","2014-15"
"E1432","E07000061","Eastbourne","0","2015-16"
"E1432","E07000061","Eastbourne","0","2016-17"
"E1432","E07000061","Eastbourne","0","2017-18"
"E1733","E07000086","Eastleigh","-3","2013-14"
"E1733","E07000086","Eastleigh","0","2014-15"
"E1733","E07000086","Eastleigh","0","2015-16"
"E1733","E07000086","Eastleigh","0","2016-17"
"E1733","E07000086","Eastleigh","0","2017-18"
"E0935","E07000030","Eden","0","2013-14"
"E0935","E07000030","Eden","0","2014-15"
"E0935","E07000030","Eden","0","2015-16"
"E0935","E07000030","Eden","0","2016-17"
"E0935","E07000030","Eden","0","2017-18"
"E3631","E07000207","Elmbridge","1535","2013-14"
"E3631","E07000207","Elmbridge","1324","2014-15"
"E3631","E07000207","Elmbridge","1557","2015-16"
"E3631","E07000207","Elmbridge","1999","2016-17"
"E3631","E07000207","Elmbridge","2073","2017-18"
"E5037","E09000010","Enfield","90626","2013-14"
"E5037","E09000010","Enfield","89532","2014-15"
"E5037","E09000010","Enfield","89810","2015-16"
"E5037","E09000010","Enfield","70789","2016-17"
"E5037","E09000010","Enfield","70820.596351857","2017-18"
"E1537","E07000072","Epping Forest","0","2013-14"
"E1537","E07000072","Epping Forest","0","2014-15"
"E1537","E07000072","Epping Forest","0","2015-16"
"E1537","E07000072","Epping Forest","0","2016-17"
"E1537","E07000072","Epping Forest","0","2017-18"
"E3632","E07000208","Epsom & Ewell","698","2013-14"
"E3632","E07000208","Epsom & Ewell","757","2014-15"
"E3632","E07000208","Epsom & Ewell","677","2015-16"
"E3632","E07000208","Epsom & Ewell","612","2016-17"
"E3632","E07000208","Epsom & Ewell","540","2017-18"
"E1036","E07000036","Erewash","0","2013-14"
"E1036","E07000036","Erewash","0","2014-15"
"E1036","E07000036","Erewash","0","2015-16"
"E1036","E07000036","Erewash","0","2016-17"
"E1036","E07000036","Erewash","0","2017-18"
"E1521","E10000012","Essex","426671","2015-16"
"E1521","E10000012","Essex","434166","2016-17"
"E1521","E10000012","Essex","440262","2017-18"
"E1521","E10000012","Essex CC","420451","2013-14"
"E1521","E10000012","Essex CC","434584","2014-15"
"E1132","E07000041","Exeter","0","2013-14"
"E1132","E07000041","Exeter","0","2014-15"
"E1132","E07000041","Exeter","0","2015-16"
"E1132","E07000041","Exeter","0","2016-17"
"E1132","E07000041","Exeter","0","2017-18"
"E1734","E07000087","Fareham","4","2013-14"
"E1734","E07000087","Fareham","0","2014-15"
"E1734","E07000087","Fareham","0.20899999999999999","2015-16"
"E1734","E07000087","Fareham","4","2016-17"
"E1734","E07000087","Fareham","0","2017-18"
"E0533","E07000010","Fenland","0","2013-14"
"E0533","E07000010","Fenland","0","2014-15"
"E0533","E07000010","Fenland","0","2015-16"
"E0533","E07000010","Fenland","0","2016-17"
"E0533","E07000010","Fenland","0","2017-18"
"E3532","E07000201","Forest Heath","0","2013-14"
"E3532","E07000201","Forest Heath","0","2014-15"
"E3532","E07000201","Forest Heath","0","2015-16"
"E3532","E07000201","Forest Heath","0","2016-17"
"E3532","E07000201","Forest Heath","0","2017-18"
"E1633","E07000080","Forest of Dean","0","2013-14"
"E1633","E07000080","Forest of Dean","0","2014-15"
"E1633","E07000080","Forest of Dean","0","2015-16"
"E1633","E07000080","Forest of Dean","0","2016-17"
"E1633","E07000080","Forest of Dean","0","2017-18"
"E2335","E07000119","Fylde","0","2013-14"
"E2335","E07000119","Fylde","0","2014-15"
"E2335","E07000119","Fylde","0","2015-16"
"E2335","E07000119","Fylde","0","2016-17"
"E2335","E07000119","Fylde","0","2017-18"
"E4501","E08000037","Gateshead","68111","2013-14"
"E4501","E08000037","Gateshead","67206","2014-15"
"E4501","E08000037","Gateshead","66633.464800000002","2015-16"
"E4501","E08000037","Gateshead","61729","2016-17"
"E4501","E08000037","Gateshead","63152","2017-18"
"E3034","E07000173","Gedling","0","2013-14"
"E3034","E07000173","Gedling","0","2014-15"
"E3034","E07000173","Gedling","0","2015-16"
"E3034","E07000173","Gedling","0","2016-17"
"E3034","E07000173","Gedling","0","2017-18"
"E1634","E07000081","Gloucester","0","2013-14"
"E1634","E07000081","Gloucester","0","2014-15"
"E1634","E07000081","Gloucester","0","2015-16"
"E1634","E07000081","Gloucester","0","2016-17"
"E1634","E07000081","Gloucester","0","2017-18"
"E1620","E10000013","Gloucestershire","165921","2015-16"
"E1620","E10000013","Gloucestershire","162039","2016-17"
"E1620","E10000013","Gloucestershire","180938","2017-18"
"E1620","E10000013","Gloucestershire CC","177974","2013-14"
"E1620","E10000013","Gloucestershire CC","173108","2014-15"
"E1735","E07000088","Gosport","5","2013-14"
"E1735","E07000088","Gosport","3","2014-15"
"E1735","E07000088","Gosport","-5","2015-16"
"E1735","E07000088","Gosport","3","2016-17"
"E1735","E07000088","Gosport","0","2017-18"
"E2236","E07000109","Gravesham","0","2013-14"
"E2236","E07000109","Gravesham","0","2014-15"
"E2236","E07000109","Gravesham","0","2015-16"
"E2236","E07000109","Gravesham","0","2016-17"
"E2236","E07000109","Gravesham","0","2017-18"
"E2633","E07000145","Great Yarmouth","0","2013-14"
"E2633","E07000145","Great Yarmouth","0","2014-15"
"E2633","E07000145","Great Yarmouth","0","2015-16"
"E2633","E07000145","Great Yarmouth","0","2016-17"
"E2633","E07000145","Great Yarmouth","0","2017-18"
"E5100","E12000007","Greater London Authority","0","2013-14"
"E5100","E12000007","Greater London Authority","0","2014-15"
"E5100","E12000007","Greater London Authority","0","2015-16"
"E5100","E12000007","Greater London Authority","0","2016-17"
"E5100","E12000007","Greater London Authority","0","2017-18"
"E5012","E09000011","Greenwich","74359","2013-14"
"E5012","E09000011","Greenwich","86013","2014-15"
"E5012","E09000011","Greenwich","92177.186536218971","2015-16"
"E5012","E09000011","Greenwich","61870","2016-17"
"E5012","E09000011","Greenwich","71288","2017-18"
"E3633","E07000209","Guildford","609","2013-14"
"E3633","E07000209","Guildford","760","2014-15"
"E3633","E07000209","Guildford","888","2015-16"
"E3633","E07000209","Guildford","914","2016-17"
"E3633","E07000209","Guildford","1114","2017-18"
"E5013","E09000012","Hackney","74697","2013-14"
"E5013","E09000012","Hackney","66028","2014-15"
"E5013","E09000012","Hackney","64742","2015-16"
"E5013","E09000012","Hackney","64587","2016-17"
"E5013","E09000012","Hackney","70803.9837195164","2017-18"
"E0601","E06000006","Halton UA","35821","2013-14"
"E0601","E06000006","Halton UA","37060","2014-15"
"E0601","E06000006","Halton UA","35739","2015-16"
"E0601","E06000006","Halton UA","37283","2016-17"
"E0601","E06000006","Halton UA","40082","2017-18"
"E2732","E07000164","Hambleton","0","2013-14"
"E2732","E07000164","Hambleton","0","2014-15"
"E2732","E07000164","Hambleton","0","2015-16"
"E2732","E07000164","Hambleton","0","2016-17"
"E2732","E07000164","Hambleton","0","2017-18"
"E5014","E09000013","Hammersmith & Fulham","58688","2013-14"
"E5014","E09000013","Hammersmith & Fulham","56600","2014-15"
"E5014","E09000013","Hammersmith & Fulham","57618","2015-16"
"E5014","E09000013","Hammersmith & Fulham","53696","2016-17"
"E5014","E09000013","Hammersmith & Fulham","63964.187","2017-18"
"E1721","E10000014","Hampshire","324734","2015-16"
"E1721","E10000014","Hampshire","359636","2016-17"
"E1721","E10000014","Hampshire","353587","2017-18"
"E1721","E10000014","Hampshire CC","321081","2013-14"
"E1721","E10000014","Hampshire CC","335469","2014-15"
"E2433","E07000131","Harborough","162","2013-14"
"E2433","E07000131","Harborough","192","2014-15"
"E2433","E07000131","Harborough","178","2015-16"
"E2433","E07000131","Harborough","201","2016-17"
"E2433","E07000131","Harborough","56","2017-18"
"E5038","E09000014","Haringey","82762","2013-14"
"E5038","E09000014","Haringey","84343","2014-15"
"E5038","E09000014","Haringey","91111","2015-16"
"E5038","E09000014","Haringey","78562","2016-17"
"E5038","E09000014","Haringey","85324.26","2017-18"
"E1538","E07000073","Harlow","22","2013-14"
"E1538","E07000073","Harlow","36","2014-15"
"E1538","E07000073","Harlow","61","2015-16"
"E1538","E07000073","Harlow","43","2016-17"
"E1538","E07000073","Harlow","56","2017-18"
"E2753","E07000165","Harrogate","0","2013-14"
"E2753","E07000165","Harrogate","0","2014-15"
"E2753","E07000165","Harrogate","0","2015-16"
"E2753","E07000165","Harrogate","0","2016-17"
"E2753","E07000165","Harrogate","0","2017-18"
"E5039","E09000015","Harrow","61504","2013-14"
"E5039","E09000015","Harrow","61651","2014-15"
"E5039","E09000015","Harrow","63163","2015-16"
"E5039","E09000015","Harrow","58310","2016-17"
"E5039","E09000015","Harrow","65186.11926","2017-18"
"E1736","E07000089","Hart","0","2015-16"
"E1736","E07000089","Hart","8","2016-17"
"E1736","E07000089","Hart","0","2017-18"
"E1736","E07000089","Hart DC","12","2013-14"
"E1736","E07000089","Hart DC","9","2014-15"
"E0701","E06000001","Hartlepool UA","30369","2013-14"
"E0701","E06000001","Hartlepool UA","29405","2014-15"
"E0701","E06000001","Hartlepool UA","28570","2015-16"
"E0701","E06000001","Hartlepool UA","31142","2016-17"
"E0701","E06000001","Hartlepool UA","34102","2017-18"
"E1433","E07000062","Hastings","0","2013-14"
"E1433","E07000062","Hastings","0","2014-15"
"E1433","E07000062","Hastings","0","2015-16"
"E1433","E07000062","Hastings","0","2016-17"
"E1433","E07000062","Hastings","125","2017-18"
"E1737","E07000090","Havant","28","2013-14"
"E1737","E07000090","Havant","0","2014-15"
"E1737","E07000090","Havant","0","2015-16"
"E1737","E07000090","Havant","0","2016-17"
"E1737","E07000090","Havant","0","2017-18"
"E5040","E09000016","Havering","61675","2013-14"
"E5040","E09000016","Havering","62495","2014-15"
"E5040","E09000016","Havering","61614","2015-16"
"E5040","E09000016","Havering","61725","2016-17"
"E5040","E09000016","Havering","68041.7436320558","2017-18"
"E1801","E06000019","Herefordshire UA","55983","2013-14"
"E1801","E06000019","Herefordshire UA","51865","2014-15"
"E1801","E06000019","Herefordshire UA","52103.352000000014","2015-16"
"E1801","E06000019","Herefordshire UA","50318","2016-17"
"E1801","E06000019","Herefordshire UA","53987.60653","2017-18"
"E1920","E10000015","Hertfordshire","330136","2015-16"
"E1920","E10000015","Hertfordshire","321631","2016-17"
"E1920","E10000015","Hertfordshire","346076","2017-18"
"E1920","E10000015","Hertfordshire CC","311489","2013-14"
"E1920","E10000015","Hertfordshire CC","318822","2014-15"
"E1934","E07000098","Hertsmere","0","2013-14"
"E1934","E07000098","Hertsmere","0","2014-15"
"E1934","E07000098","Hertsmere","0","2015-16"
"E1934","E07000098","Hertsmere","0","2016-17"
"E1934","E07000098","Hertsmere","0","2017-18"
"E1037","E07000037","High Peak","0","2013-14"
"E1037","E07000037","High Peak","0","2014-15"
"E1037","E07000037","High Peak","0","2015-16"
"E1037","E07000037","High Peak","0","2016-17"
"E1037","E07000037","High Peak","0","2017-18"
"E5041","E09000017","Hillingdon","70014","2013-14"
"E5041","E09000017","Hillingdon","78154","2014-15"
"E5041","E09000017","Hillingdon","67279","2015-16"
"E5041","E09000017","Hillingdon","74326","2016-17"
"E5041","E09000017","Hillingdon","74477","2017-18"
"E2434","E07000132","Hinckley & Bosworth","0","2013-14"
"E2434","E07000132","Hinckley & Bosworth","0","2014-15"
"E2434","E07000132","Hinckley & Bosworth","0","2015-16"
"E2434","E07000132","Hinckley & Bosworth","0","2016-17"
"E2434","E07000132","Hinckley & Bosworth","0","2017-18"
"E3835","E07000227","Horsham","24","2013-14"
"E3835","E07000227","Horsham","133","2014-15"
"E3835","E07000227","Horsham","165","2015-16"
"E3835","E07000227","Horsham","38","2016-17"
"E3835","E07000227","Horsham","161","2017-18"
"E5042","E09000018","Hounslow","52052","2013-14"
"E5042","E09000018","Hounslow","48450","2014-15"
"E5042","E09000018","Hounslow","48042","2015-16"
"E5042","E09000018","Hounslow","50492","2016-17"
"E5042","E09000018","Hounslow","54265","2017-18"
"E0551","E07000011","Huntingdonshire","0","2013-14"
"E0551","E07000011","Huntingdonshire","0","2014-15"
"E0551","E07000011","Huntingdonshire","0","2015-16"
"E0551","E07000011","Huntingdonshire","0","2016-17"
"E0551","E07000011","Huntingdonshire","0","2017-18"
"E2336","E07000120","Hyndburn","0","2015-16"
"E2336","E07000120","Hyndburn","0","2016-17"
"E2336","E07000120","Hyndburn","0","2017-18"
"E2336","E07000120","Hyndburn BC","0","2013-14"
"E2336","E07000120","Hyndburn BC","0","2014-15"
"E3533","E07000202","Ipswich","0","2013-14"
"E3533","E07000202","Ipswich","0","2014-15"
"E3533","E07000202","Ipswich","0","2015-16"
"E3533","E07000202","Ipswich","0","2016-17"
"E3533","E07000202","Ipswich","0","2017-18"
"E2101","E06000046","Isle of Wight UA","44917","2013-14"
"E2101","E06000046","Isle of Wight UA","47456","2014-15"
"E2101","E06000046","Isle of Wight UA","51507","2015-16"
"E2101","E06000046","Isle of Wight UA","51794","2016-17"
"E2101","E06000046","Isle of Wight UA","57466","2017-18"
"E4001","E06000053","Isles of Scilly","786","2013-14"
"E4001","E06000053","Isles of Scilly","781","2014-15"
"E4001","E06000053","Isles of Scilly","479","2015-16"
"E4001","E06000053","Isles of Scilly","685","2016-17"
"E4001","E06000053","Isles of Scilly","686","2017-18"
"E5015","E09000019","Islington","72382","2013-14"
"E5015","E09000019","Islington","72076","2014-15"
"E5015","E09000019","Islington","71655","2015-16"
"E5015","E09000019","Islington","70978","2016-17"
"E5015","E09000019","Islington","81691","2017-18"
"E5016","E09000020","Kensington & Chelsea","44846","2013-14"
"E5016","E09000020","Kensington & Chelsea","45044","2014-15"
"E5016","E09000020","Kensington & Chelsea","45744","2015-16"
"E5016","E09000020","Kensington & Chelsea","46569","2016-17"
"E5016","E09000020","Kensington & Chelsea","49829.8744042613","2017-18"
"E2221","E10000016","Kent","381371","2015-16"
"E2221","E10000016","Kent","389110","2016-17"
"E2221","E10000016","Kent","424513","2017-18"
"E2221","E10000016","Kent CC","377744","2013-14"
"E2221","E10000016","Kent CC","370744","2014-15"
"E2834","E07000153","Kettering","0","2013-14"
"E2834","E07000153","Kettering","0","2014-15"
"E2834","E07000153","Kettering","0","2015-16"
"E2834","E07000153","Kettering","0","2016-17"
"E2834","E07000153","Kettering","0","2017-18"
"E2634","E07000146","King's Lynn & West Norfolk","0","2013-14"
"E2634","E07000146","King's Lynn & West Norfolk","0","2014-15"
"E2634","E07000146","King's Lynn & West Norfolk","0","2015-16"
"E2634","E07000146","King's Lynn & West Norfolk","198","2016-17"
"E2634","E07000146","King's Lynn & West Norfolk","0","2017-18"
"E2002","E06000010","Kingston upon Hull UA","69897","2015-16"
"E2002","E06000010","Kingston upon Hull UA","69916","2016-17"
"E2002","E06000010","Kingston upon Hull UA","75826","2017-18"
"E5043","E09000021","Kingston upon Thames","49404","2015-16"
"E5043","E09000021","Kingston upon Thames","45602","2016-17"
"E5043","E09000021","Kingston upon Thames","49460","2017-18"
"E5043","E09000021","Kingston Upon Thames","42233","2013-14"
"E5043","E09000021","Kingston Upon Thames","47990","2014-15"
"E2002","E06000010","Kingston-upon-Hull UA","74328","2013-14"
"E2002","E06000010","Kingston-upon-Hull UA","82103","2014-15"
"E4703","E08000034","Kirklees","88823","2013-14"
"E4703","E08000034","Kirklees","94174","2014-15"
"E4703","E08000034","Kirklees","93572","2015-16"
"E4703","E08000034","Kirklees","94672","2016-17"
"E4703","E08000034","Kirklees","115431","2017-18"
"E4301","E08000011","Knowsley","46625","2013-14"
"E4301","E08000011","Knowsley","55291","2014-15"
"E4301","E08000011","Knowsley","64094","2015-16"
"E4301","E08000011","Knowsley","53929","2016-17"
"E4301","E08000011","Knowsley","58734","2017-18"
"E5017","E09000022","Lambeth","94787","2013-14"
"E5017","E09000022","Lambeth","90611","2014-15"
"E5017","E09000022","Lambeth","99771.87","2015-16"
"E5017","E09000022","Lambeth","87730","2016-17"
"E5017","E09000022","Lambeth","95465","2017-18"
"E2321","E10000017","Lancashire","350142","2015-16"
"E2321","E10000017","Lancashire","354037","2016-17"
"E2321","E10000017","Lancashire","382820","2017-18"
"E2321","E10000017","Lancashire CC","338688","2013-14"
"E2321","E10000017","Lancashire CC","332458","2014-15"
"E2337","E07000121","Lancaster","0","2013-14"
"E2337","E07000121","Lancaster","0","2014-15"
"E2337","E07000121","Lancaster","0","2015-16"
"E2337","E07000121","Lancaster","0","2016-17"
"E2337","E07000121","Lancaster","0","2017-18"
"E4704","E08000035","Leeds","212422","2013-14"
"E4704","E08000035","Leeds","209361","2014-15"
"E4704","E08000035","Leeds","213088","2015-16"
"E4704","E08000035","Leeds","227650","2016-17"
"E4704","E08000035","Leeds","238586","2017-18"
"E2401","E06000016","Leicester City UA","95997","2013-14"
"E2401","E06000016","Leicester City UA","99818","2014-15"
"E2401","E06000016","Leicester City UA","94202.299999999988","2015-16"
"E2401","E06000016","Leicester City UA","102015","2016-17"
"E2401","E06000016","Leicester City UA","113904","2017-18"
"E2421","E10000018","Leicestershire","144233","2015-16"
"E2421","E10000018","Leicestershire","165311","2016-17"
"E2421","E10000018","Leicestershire","172277","2017-18"
"E2421","E10000018","Leicestershire CC","145728","2013-14"
"E2421","E10000018","Leicestershire CC","147135","2014-15"
"E1435","E07000063","Lewes","0","2013-14"
"E1435","E07000063","Lewes","0","2014-15"
"E1435","E07000063","Lewes","0","2015-16"
"E1435","E07000063","Lewes","0","2016-17"
"E1435","E07000063","Lewes","0","2017-18"
"E5018","E09000023","Lewisham","89226","2013-14"
"E5018","E09000023","Lewisham","87646","2014-15"
"E5018","E09000023","Lewisham","81173","2015-16"
"E5018","E09000023","Lewisham","87050","2016-17"
"E5018","E09000023","Lewisham","95149.2616840068","2017-18"
"E3433","E07000194","Lichfield","0","2013-14"
"E3433","E07000194","Lichfield","0","2014-15"
"E3433","E07000194","Lichfield","0","2015-16"
"E3433","E07000194","Lichfield","0","2016-17"
"E3433","E07000194","Lichfield","0","2017-18"
"E2533","E07000138","Lincoln","0","2015-16"
"E2533","E07000138","Lincoln","0","2016-17"
"E2533","E07000138","Lincoln","0","2017-18"
"E2533","E07000138","Lincoln City","0","2013-14"
"E2533","E07000138","Lincoln City","0","2014-15"
"E2520","E10000019","Lincolnshire","164087","2015-16"
"E2520","E10000019","Lincolnshire","172648","2016-17"
"E2520","E10000019","Lincolnshire","189022","2017-18"
"E2520","E10000019","Lincolnshire CC","147554","2013-14"
"E2520","E10000019","Lincolnshire CC","154150","2014-15"
"E4302","E08000012","Liverpool","147938","2013-14"
"E4302","E08000012","Liverpool","149197","2014-15"
"E4302","E08000012","Liverpool","149345","2015-16"
"E4302","E08000012","Liverpool","160289","2016-17"
"E4302","E08000012","Liverpool","177087","2017-18"
"E0201","E06000032","Luton UA","47237","2013-14"
"E0201","E06000032","Luton UA","50209","2014-15"
"E0201","E06000032","Luton UA","53605","2015-16"
"E0201","E06000032","Luton UA","54349","2016-17"
"E0201","E06000032","Luton UA","61113","2017-18"
"E1539","E07000074","MaIdon DC","0","2013-14"
"E2237","E07000110","Maidstone","0","2013-14"
"E2237","E07000110","Maidstone","0","2014-15"
"E2237","E07000110","Maidstone","0","2015-16"
"E2237","E07000110","Maidstone","0","2016-17"
"E2237","E07000110","Maidstone","0","2017-18"
"E1539","E07000074","Maldon","0","2015-16"
"E1539","E07000074","Maldon","0","2016-17"
"E1539","E07000074","Maldon","0","2017-18"
"E1539","E07000074","Maldon DC","0","2014-15"
"E1851","E07000235","Malvern Hills","0","2013-14"
"E1851","E07000235","Malvern Hills","0","2014-15"
"E1851","E07000235","Malvern Hills","0","2015-16"
"E1851","E07000235","Malvern Hills","0","2016-17"
"E1851","E07000235","Malvern Hills","0","2017-18"
"E4203","E08000003","Manchester","156907","2013-14"
"E4203","E08000003","Manchester","160080","2014-15"
"E4203","E08000003","Manchester","133812","2015-16"
"E4203","E08000003","Manchester","152248","2016-17"
"E4203","E08000003","Manchester","171121","2017-18"
"E3035","E07000174","Mansfield","0","2013-14"
"E3035","E07000174","Mansfield","0","2014-15"
"E3035","E07000174","Mansfield","0","2015-16"
"E3035","E07000174","Mansfield","0","2016-17"
"E3035","E07000174","Mansfield","0","2017-18"
"E2201","E06000035","Medway Towns UA","65762","2013-14"
"E2201","E06000035","Medway Towns UA","65532","2014-15"
"E2436","E07000133","Melton","0","2013-14"
"E2436","E07000133","Melton","0","2014-15"
"E2436","E07000133","Melton","0","2015-16"
"E2436","E07000133","Melton","0","2016-17"
"E2436","E07000133","Melton","0","2017-18"
"E3331","E07000187","Mendip","0","2013-14"
"E3331","E07000187","Mendip","0","2014-15"
"E3331","E07000187","Mendip","0","2015-16"
"E3331","E07000187","Mendip","0","2016-17"
"E3331","E07000187","Mendip","0","2017-18"
"E5044","E09000024","Merton","51070","2013-14"
"E5044","E09000024","Merton","51257","2014-15"
"E5044","E09000024","Merton","50297","2015-16"
"E5044","E09000024","Merton","40918","2016-17"
"E5044","E09000024","Merton","48613","2017-18"
"E1133","E07000042","Mid Devon","0","2013-14"
"E1133","E07000042","Mid Devon","0","2014-15"
"E1133","E07000042","Mid Devon","0","2015-16"
"E1133","E07000042","Mid Devon","0","2016-17"
"E1133","E07000042","Mid Devon","0","2017-18"
"E3534","E07000203","Mid Suffolk","0","2013-14"
"E3534","E07000203","Mid Suffolk","0","2014-15"
"E3534","E07000203","Mid Suffolk","0","2015-16"
"E3534","E07000203","Mid Suffolk","0","2016-17"
"E3534","E07000203","Mid Suffolk","0","2017-18"
"E3836","E07000228","Mid Sussex","0","2013-14"
"E3836","E07000228","Mid Sussex","0","2014-15"
"E3836","E07000228","Mid Sussex","0","2015-16"
"E3836","E07000228","Mid Sussex","0","2016-17"
"E3836","E07000228","Mid Sussex","0","2017-18"
"E0702","E06000002","Middlesbrough UA","41766","2013-14"
"E0702","E06000002","Middlesbrough UA","38999","2014-15"
"E0702","E06000002","Middlesbrough UA","36955","2015-16"
"E0702","E06000002","Middlesbrough UA","43238","2016-17"
"E0702","E06000002","Middlesbrough UA","44364","2017-18"
"E0401","E06000042","Milton Keynes UA","58216","2013-14"
"E0401","E06000042","Milton Keynes UA","62425","2014-15"
"E0401","E06000042","Milton Keynes UA","62862","2015-16"
"E0401","E06000042","Milton Keynes UA","58899","2016-17"
"E0401","E06000042","Milton Keynes UA","58144","2017-18"
"E3634","E07000210","Mole Valley","522","2013-14"
"E3634","E07000210","Mole Valley","647","2014-15"
"E3634","E07000210","Mole Valley","437","2015-16"
"E3634","E07000210","Mole Valley","717","2016-17"
"E3634","E07000210","Mole Valley","0","2017-18"
"E1738","E07000091","New Forest","-35","2013-14"
"E1738","E07000091","New Forest","-152","2014-15"
"E1738","E07000091","New Forest","-65","2015-16"
"E1738","E07000091","New Forest","0","2016-17"
"E1738","E07000091","New Forest","0","2017-18"
"E3036","E07000175","Newark & Sherwood","0","2013-14"
"E3036","E07000175","Newark & Sherwood","0","2014-15"
"E3036","E07000175","Newark & Sherwood","0","2015-16"
"E3036","E07000175","Newark & Sherwood","0","2016-17"
"E3036","E07000175","Newark & Sherwood","0","2017-18"
"E4502","E08000021","Newcastle","97574","2013-14"
"E4502","E08000021","Newcastle upon Tyne","82613","2014-15"
"E4502","E08000021","Newcastle upon Tyne","81384","2015-16"
"E4502","E08000021","Newcastle upon Tyne","96561","2016-17"
"E4502","E08000021","Newcastle upon Tyne","113416","2017-18"
"E3434","E07000195","Newcastle-under-Lyme","0","2013-14"
"E3434","E07000195","Newcastle-under-Lyme","0","2014-15"
"E3434","E07000195","Newcastle-under-Lyme","0","2015-16"
"E3434","E07000195","Newcastle-under-Lyme","0","2016-17"
"E3434","E07000195","Newcastle-under-Lyme","0","2017-18"
"E5045","E09000025","Newham","72027","2013-14"
"E5045","E09000025","Newham","70899","2014-15"
"E5045","E09000025","Newham","71710","2015-16"
"E5045","E09000025","Newham","70329","2016-17"
"E5045","E09000025","Newham","76687","2017-18"
"E2620","E10000020","Norfolk","264616","2015-16"
"E2620","E10000020","Norfolk","249654","2016-17"
"E2620","E10000020","Norfolk","294010","2017-18"
"E2620","E10000020","Norfolk CC","275905","2013-14"
"E2620","E10000020","Norfolk CC","268129","2014-15"
"E1134","E07000043","North Devon","0","2013-14"
"E1134","E07000043","North Devon","0","2014-15"
"E1134","E07000043","North Devon","0","2015-16"
"E1134","E07000043","North Devon","0","2016-17"
"E1134","E07000043","North Devon","0","2017-18"
"E1234","E07000050","North Dorset","0","2013-14"
"E1234","E07000050","North Dorset","0","2014-15"
"E1234","E07000050","North Dorset","0","2015-16"
"E1234","E07000050","North Dorset","0","2016-17"
"E1234","E07000050","North Dorset","0","2017-18"
"E1038","E07000038","North East Derbyshire","0","2013-14"
"E1038","E07000038","North East Derbyshire","0","2014-15"
"E1038","E07000038","North East Derbyshire","0","2015-16"
"E1038","E07000038","North East Derbyshire","0","2016-17"
"E1038","E07000038","North East Derbyshire","0","2017-18"
"E2003","E06000012","North East Lincolnshire UA","44078","2013-14"
"E2003","E06000012","North East Lincolnshire UA","44431","2014-15"
"E2003","E06000012","North East Lincolnshire UA","39069","2015-16"
"E2003","E06000012","North East Lincolnshire UA","42477","2016-17"
"E2003","E06000012","North East Lincolnshire UA","43243","2017-18"
"E1935","E07000099","North Hertfordshire","117","2013-14"
"E1935","E07000099","North Hertfordshire","155","2014-15"
"E1935","E07000099","North Hertfordshire","63","2015-16"
"E1935","E07000099","North Hertfordshire","-101","2016-17"
"E1935","E07000099","North Hertfordshire","165","2017-18"
"E2534","E07000139","North Kesteven","0","2013-14"
"E2534","E07000139","North Kesteven","0","2014-15"
"E2534","E07000139","North Kesteven","0","2015-16"
"E2534","E07000139","North Kesteven","0","2016-17"
"E2534","E07000139","North Kesteven","0","2017-18"
"E2004","E06000013","North Lincolnshire UA","35557","2013-14"
"E2004","E06000013","North Lincolnshire UA","36571","2014-15"
"E2004","E06000013","North Lincolnshire UA","36321","2015-16"
"E2004","E06000013","North Lincolnshire UA","36905","2016-17"
"E2004","E06000013","North Lincolnshire UA","40474","2017-18"
"E2635","E07000147","North Norfolk","0","2013-14"
"E2635","E07000147","North Norfolk","0","2014-15"
"E2635","E07000147","North Norfolk","0","2015-16"
"E2635","E07000147","North Norfolk","0","2016-17"
"E2635","E07000147","North Norfolk","0","2017-18"
"E0104","E06000024","North Somerset UA","56102","2013-14"
"E0104","E06000024","North Somerset UA","60946","2014-15"
"E0104","E06000024","North Somerset UA","61549","2015-16"
"E0104","E06000024","North Somerset UA","59382","2016-17"
"E0104","E06000024","North Somerset UA","66881","2017-18"
"E4503","E08000022","North Tyneside","51269","2013-14"
"E4503","E08000022","North Tyneside","47557","2014-15"
"E4503","E08000022","North Tyneside","46401","2015-16"
"E4503","E08000022","North Tyneside","46219","2016-17"
"E4503","E08000022","North Tyneside","52510","2017-18"
"E3731","E07000218","North Warwickshire","505","2013-14"
"E3731","E07000218","North Warwickshire","536","2014-15"
"E3731","E07000218","North Warwickshire","499","2015-16"
"E3731","E07000218","North Warwickshire","530","2016-17"
"E3731","E07000218","North Warwickshire","300","2017-18"
"E2437","E07000134","North West Leicestershire","0","2013-14"
"E2437","E07000134","North West Leicestershire","0","2014-15"
"E2437","E07000134","North West Leicestershire","0","2015-16"
"E2437","E07000134","North West Leicestershire","0","2016-17"
"E2437","E07000134","North West Leicestershire","0","2017-18"
"E2721","E10000022","North Yorkshire","155291","2015-16"
"E2721","E10000023","North Yorkshire","163168","2016-17"
"E2721","E10000023","North Yorkshire","174129.33124165","2017-18"
"E2721","E10000023","North Yorkshire CC","136249","2013-14"
"E2721","E10000023","North Yorkshire CC","146332","2014-15"
"E2835","E07000154","Northampton","0","2013-14"
"E2835","E07000154","Northampton","0","2014-15"
"E2835","E07000154","Northampton","0","2015-16"
"E2835","E07000154","Northampton","0","2016-17"
"E2835","E07000154","Northampton","0","2017-18"
"E2820","E10000021","Northamptonshire","159139.03155999997","2015-16"
"E2820","E10000021","Northamptonshire","155168","2016-17"
"E2820","E10000021","Northamptonshire","170698.264012144","2017-18"
"E2820","E10000021","Northamptonshire CC","165363","2013-14"
"E2820","E10000021","Northamptonshire CC","171151","2014-15"
"E2901","E06000057","Northumberland UA","89152","2013-14"
"E2901","E06000057","Northumberland UA","80662","2014-15"
"E2901","E06000057","Northumberland UA","81736","2015-16"
"E2901","E06000057","Northumberland UA","84727","2016-17"
"E2901","E06000057","Northumberland UA","93221.6","2017-18"
"E2636","E07000148","Norwich","0","2015-16"
"E2636","E07000148","Norwich","0","2016-17"
"E2636","E07000148","Norwich","0","2017-18"
"E2636","E07000148","Norwich City","0","2013-14"
"E2636","E07000148","Norwich City","0","2014-15"
"E3001","E06000018","Nottingham City UA","85602","2013-14"
"E3001","E06000018","Nottingham City UA","88403","2014-15"
"E3021","E10000024","Nottinghamshire","218882","2015-16"
"E3021","E10000024","Nottinghamshire","230929","2016-17"
"E3021","E10000024","Nottinghamshire","233063","2017-18"
"E3021","E10000024","Nottinghamshire CC","228125","2013-14"
"E3021","E10000024","Nottinghamshire CC","221227","2014-15"
"E3732","E07000219","Nuneaton & Bedworth","0","2013-14"
"E3732","E07000219","Nuneaton & Bedworth","0","2014-15"
"E3732","E07000219","Nuneaton & Bedworth","0","2015-16"
"E3732","E07000219","Nuneaton & Bedworth","0","2016-17"
"E3732","E07000219","Nuneaton & Bedworth","0","2017-18"
"E2438","E07000135","Oadby & Wigston","0","2013-14"
"E2438","E07000135","Oadby & Wigston","0","2014-15"
"E2438","E07000135","Oadby & Wigston","0","2015-16"
"E2438","E07000135","Oadby & Wigston","0","2016-17"
"E2438","E07000135","Oadby & Wigston","0","2017-18"
"E4204","E08000004","Oldham","54883","2013-14"
"E4204","E08000004","Oldham","50535","2014-15"
"E4204","E08000004","Oldham","47048","2015-16"
"E4204","E08000004","Oldham","42430","2016-17"
"E4204","E08000004","Oldham","54739","2017-18"
"E3132","E07000178","Oxford","0","2013-14"
"E3132","E07000178","Oxford","0","2014-15"
"E3132","E07000178","Oxford","0","2015-16"
"E3132","E07000178","Oxford","0","2016-17"
"E3132","E07000178","Oxford","0","2017-18"
"E3120","E10000025","Oxfordshire","176664","2015-16"
"E3120","E10000025","Oxfordshire","186589","2016-17"
"E3120","E10000025","Oxfordshire","198392","2017-18"
"E3120","E10000025","Oxfordshire CC","180244","2013-14"
"E3120","E10000025","Oxfordshire CC","183372","2014-15"
"E2338","E07000122","Pendle","149","2013-14"
"E2338","E07000122","Pendle","136","2014-15"
"E2338","E07000122","Pendle","31","2015-16"
"E2338","E07000122","Pendle","17","2016-17"
"E2338","E07000122","Pendle","5","2017-18"
"E0501","E06000031","Peterborough UA","50424","2013-14"
"E0501","E06000031","Peterborough UA","48468","2014-15"
"E0501","E06000031","Peterborough UA","44485","2015-16"
"E0501","E06000031","Peterborough UA","45492","2016-17"
"E0501","E06000031","Peterborough UA","50944.6543123892","2017-18"
"E1101","E06000026","Plymouth UA","71947","2013-14"
"E1101","E06000026","Plymouth UA","74582","2014-15"
"E1101","E06000026","Plymouth UA","69162","2015-16"
"E1101","E06000026","Plymouth UA","71014","2016-17"
"E1101","E06000026","Plymouth UA","79859","2017-18"
"E1201","E06000029","Poole UA","40317","2013-14"
"E1201","E06000029","Poole UA","38378","2014-15"
"E1201","E06000029","Poole UA","41191","2015-16"
"E1201","E06000029","Poole UA","40231","2016-17"
"E1201","E06000029","Poole UA","43051","2017-18"
"E1701","E06000044","Portsmouth UA","49829","2013-14"
"E1701","E06000044","Portsmouth UA","48325","2014-15"
"E1701","E06000044","Portsmouth UA","47931","2015-16"
"E1701","E06000044","Portsmouth UA","44402","2016-17"
"E1701","E06000044","Portsmouth UA","51931","2017-18"
"E2339","E07000123","Preston","0","2013-14"
"E2339","E07000123","Preston","0","2014-15"
"E2339","E07000123","Preston","0","2015-16"
"E2339","E07000123","Preston","0","2016-17"
"E2339","E07000123","Preston","0","2017-18"
"E1236","E07000051","Purbeck","0","2013-14"
"E1236","E07000051","Purbeck","0","2014-15"
"E1236","E07000051","Purbeck","0","2015-16"
"E1236","E07000051","Purbeck","0","2016-17"
"E1236","E07000051","Purbeck","0","2017-18"
"E0303","E06000038","Reading UA","46372","2013-14"
"E0303","E06000038","Reading UA","44149","2014-15"
"E0303","E06000038","Reading UA","â€¦","2015-16"
"E0303","E06000038","Reading UA","43346","2016-17"
"E0303","E06000038","Reading UA","41365.6260982931","2017-18"
"E5046","E09000026","Redbridge","61891","2013-14"
"E5046","E09000026","Redbridge","60500","2014-15"
"E5046","E09000026","Redbridge","61635","2015-16"
"E5046","E09000026","Redbridge","57369","2016-17"
"E5046","E09000026","Redbridge","63838","2017-18"
"E0703","E06000003","Redcar & Cleveland UA","42099","2013-14"
"E0703","E06000003","Redcar & Cleveland UA","39800","2014-15"
"E0703","E06000003","Redcar & Cleveland UA","40625","2015-16"
"E0703","E06000003","Redcar & Cleveland UA","43124","2016-17"
"E0703","E06000003","Redcar & Cleveland UA","43784","2017-18"
"E1835","E07000236","Redditch","0","2015-16"
"E1835","E07000236","Redditch","0","2016-17"
"E1835","E07000236","Redditch","0","2017-18"
"E1835","E07000236","Redditch BC","0","2013-14"
"E1835","E07000236","Redditch BC","0","2014-15"
"E3635","E07000211","Reigate & Banstead","0","2014-15"
"E3635","E07000211","Reigate & Banstead","0","2015-16"
"E3635","E07000211","Reigate & Banstead","0","2016-17"
"E3635","E07000211","Reigate & Banstead","0","2017-18"
"E3635","E07000211","Reigate and Banstead","0","2013-14"
"E2340","E07000124","Ribble Valley","14","2013-14"
"E2340","E07000124","Ribble Valley","7","2014-15"
"E2340","E07000124","Ribble Valley","5","2015-16"
"E2340","E07000124","Ribble Valley","14","2016-17"
"E2340","E07000124","Ribble Valley","15","2017-18"
"E5047","E09000027","Richmond upon Thames","59124","2013-14"
"E5047","E09000027","Richmond upon Thames","62402","2014-15"
"E5047","E09000027","Richmond upon Thames","65496","2015-16"
"E5047","E09000027","Richmond upon Thames","65572","2016-17"
"E5047","E09000027","Richmond upon Thames","64498","2017-18"
"E2734","E07000166","Richmondshire","13","2015-16"
"E2734","E07000166","Richmondshire","-12","2016-17"
"E2734","E07000166","Richmondshire","-27","2017-18"
"E2734","E07000166","Richmondshire DC","33","2013-14"
"E2734","E07000166","Richmondshire DC","32","2014-15"
"E4205","E08000005","Rochdale","55615","2013-14"
"E4205","E08000005","Rochdale","52777","2014-15"
"E4205","E08000005","Rochdale","49526","2015-16"
"E4205","E08000005","Rochdale","54312","2016-17"
"E4205","E08000005","Rochdale","50208","2017-18"
"E1540","E07000075","Rochford","3","2013-14"
"E1540","E07000075","Rochford","5","2014-15"
"E1540","E07000075","Rochford","3","2015-16"
"E1540","E07000075","Rochford","0","2016-17"
"E1540","E07000075","Rochford","0","2017-18"
"E2341","E07000125","Rossendale","0","2013-14"
"E2341","E07000125","Rossendale","0","2014-15"
"E2341","E07000125","Rossendale","0","2015-16"
"E2341","E07000125","Rossendale","0","2016-17"
"E2341","E07000125","Rossendale","0","2017-18"
"E1436","E07000064","Rother","0","2013-14"
"E1436","E07000064","Rother","0","2014-15"
"E1436","E07000064","Rother","0","2015-16"
"E1436","E07000064","Rother","0","2016-17"
"E1436","E07000064","Rother","0","2017-18"
"E4403","E08000018","Rotherham","77176","2013-14"
"E4403","E08000018","Rotherham","71395","2014-15"
"E4403","E08000018","Rotherham","71470","2015-16"
"E4403","E08000018","Rotherham","69706","2016-17"
"E4403","E08000018","Rotherham","73640.3025610689","2017-18"
"E3733","E07000220","Rugby","0","2013-14"
"E3733","E07000220","Rugby","0","2014-15"
"E3733","E07000220","Rugby","0","2015-16"
"E3733","E07000220","Rugby","0","2016-17"
"E3733","E07000220","Rugby","0","2017-18"
"E3636","E07000212","Runnymede","729","2013-14"
"E3636","E07000212","Runnymede","605","2014-15"
"E3636","E07000212","Runnymede","771","2015-16"
"E3636","E07000212","Runnymede","698","2016-17"
"E3636","E07000212","Runnymede","789","2017-18"
"E3038","E07000176","Rushcliffe","0","2013-14"
"E3038","E07000176","Rushcliffe","0","2014-15"
"E3038","E07000176","Rushcliffe","0","2015-16"
"E3038","E07000176","Rushcliffe","0","2016-17"
"E3038","E07000176","Rushcliffe","0","2017-18"
"E1740","E07000092","Rushmoor","13","2013-14"
"E1740","E07000092","Rushmoor","13","2014-15"
"E1740","E07000092","Rushmoor","10","2015-16"
"E1740","E07000092","Rushmoor","6","2016-17"
"E1740","E07000092","Rushmoor","14","2017-18"
"E2402","E06000017","Rutland UA","9679","2013-14"
"E2402","E06000017","Rutland UA","9974","2014-15"
"E2402","E06000017","Rutland UA","10425","2015-16"
"E2402","E06000017","Rutland UA","10544","2016-17"
"E2402","E06000017","Rutland UA","11247","2017-18"
"E2755","E07000167","Ryedale","0","2015-16"
"E2755","E07000167","Ryedale","0","2016-17"
"E2755","E07000167","Ryedale","0","2017-18"
"E2755","E07000167","Ryedale DC","0","2013-14"
"E2755","E07000167","Ryedale DC","0","2014-15"
"E4206","E08000006","Salford","56061","2013-14"
"E4206","E08000006","Salford","53194","2014-15"
"E4206","E08000006","Salford","50948","2015-16"
"E4206","E08000006","Salford","53490","2016-17"
"E4206","E08000006","Salford","60641.859324617","2017-18"
"E4604","E08000028","Sandwell","91696","2013-14"
"E4604","E08000028","Sandwell","89268","2014-15"
"E4604","E08000028","Sandwell","87354","2015-16"
"E4604","E08000028","Sandwell","87629","2016-17"
"E4604","E08000028","Sandwell","99187","2017-18"
"E2736","E07000168","Scarborough","0","2013-14"
"E2736","E07000168","Scarborough","0","2014-15"
"E2736","E07000168","Scarborough","0","2015-16"
"E2736","E07000168","Scarborough","0","2016-17"
"E2736","E07000168","Scarborough","0","2017-18"
"E3332","E07000188","Sedgemoor","0","2013-14"
"E3332","E07000188","Sedgemoor","0","2014-15"
"E3332","E07000188","Sedgemoor","0","2015-16"
"E3332","E07000188","Sedgemoor","0","2016-17"
"E3332","E07000188","Sedgemoor","0","2017-18"
"E4304","E08000014","Sefton","80350","2013-14"
"E4304","E08000014","Sefton","82351","2014-15"
"E4304","E08000014","Sefton","82976","2015-16"
"E4304","E08000014","Sefton","83916","2016-17"
"E4304","E08000014","Sefton","94435","2017-18"
"E2757","E07000169","Selby","0","2015-16"
"E2757","E07000169","Selby","0","2016-17"
"E2757","E07000169","Selby","0","2017-18"
"E2757","E07000169","Selby DC","0","2013-14"
"E2757","E07000169","Selby DC","0","2014-15"
"E2239","E07000111","Sevenoaks","0","2013-14"
"E2239","E07000111","Sevenoaks","0","2014-15"
"E2239","E07000111","Sevenoaks","0","2015-16"
"E2239","E07000111","Sevenoaks","0","2016-17"
"E2239","E07000111","Sevenoaks","0","2017-18"
"E4404","E08000019","Sheffield","153978","2013-14"
"E4404","E08000019","Sheffield","147598","2014-15"
"E4404","E08000019","Sheffield","139560.82447776455","2015-16"
"E4404","E08000019","Sheffield","158313","2016-17"
"E4404","E08000019","Sheffield","164752","2017-18"
"E2240","E07000112","Shepway","0","2015-16"
"E2240","E07000112","Shepway","0","2016-17"
"E2240","E07000112","Shepway","0","2017-18"
"E2240","E07000112","Shepway DC","0","2013-14"
"E2240","E07000112","Shepway DC","0","2014-15"
"E3202","E06000051","Shropshire UA","77974","2013-14"
"E3202","E06000051","Shropshire UA","70499","2014-15"
"E3202","E06000051","Shropshire UA","78026","2015-16"
"E3202","E06000051","Shropshire UA","82798","2016-17"
"E3202","E06000051","Shropshire UA","90207.68","2017-18"
"E0304","E06000039","Slough UA","35312","2013-14"
"E0304","E06000039","Slough UA","37515","2014-15"
"E0304","E06000039","Slough UA","35843.372197002893","2015-16"
"E0304","E06000039","Slough UA","33978","2016-17"
"E0304","E06000039","Slough UA","37165.63","2017-18"
"E4605","E08000029","Solihull","58333","2013-14"
"E4605","E08000029","Solihull","57432","2014-15"
"E4605","E08000029","Solihull","58908","2015-16"
"E4605","E08000029","Solihull","57297","2016-17"
"E4605","E08000029","Solihull","61192","2017-18"
"E3320","E10000027","Somerset","146693","2015-16"
"E3320","E10000027","Somerset","136364","2016-17"
"E3320","E10000027","Somerset","140737","2017-18"
"E3320","E10000027","Somerset CC","136585","2013-14"
"E3320","E10000027","Somerset CC","138951","2014-15"
"E0434","E07000006","South Buckinghamshire","0","2013-14"
"E0434","E07000006","South Buckinghamshire","0","2014-15"
"E0434","E07000006","South Bucks","0","2015-16"
"E0434","E07000006","South Bucks","0","2016-17"
"E0434","E07000006","South Bucks","0","2017-18"
"E0536","E07000012","South Cambridgeshire","18","2013-14"
"E0536","E07000012","South Cambridgeshire","0","2014-15"
"E0536","E07000012","South Cambridgeshire","-19","2015-16"
"E0536","E07000012","South Cambridgeshire","0","2016-17"
"E0536","E07000012","South Cambridgeshire","0","2017-18"
"E1039","E07000039","South Derbyshire","0","2013-14"
"E1039","E07000039","South Derbyshire","0","2014-15"
"E1039","E07000039","South Derbyshire","0","2015-16"
"E1039","E07000039","South Derbyshire","0","2016-17"
"E1039","E07000039","South Derbyshire","0","2017-18"
"E0103","E06000025","South Gloucestershire UA","77093","2013-14"
"E0103","E06000025","South Gloucestershire UA","76967","2014-15"
"E0103","E06000025","South Gloucestershire UA","76420","2015-16"
"E0103","E06000025","South Gloucestershire UA","78284","2016-17"
"E0103","E06000025","South Gloucestershire UA","84927","2017-18"
"E1136","E07000044","South Hams","0","2013-14"
"E1136","E07000044","South Hams","0","2014-15"
"E1136","E07000044","South Hams","0","2015-16"
"E1136","E07000044","South Hams","0","2016-17"
"E1136","E07000044","South Hams","0","2017-18"
"E2535","E07000140","South Holland","0","2013-14"
"E2535","E07000140","South Holland","0","2014-15"
"E2535","E07000140","South Holland","0","2015-16"
"E2535","E07000140","South Holland","0","2016-17"
"E2535","E07000140","South Holland","0","2017-18"
"E2536","E07000141","South Kesteven","0","2013-14"
"E2536","E07000141","South Kesteven","0","2014-15"
"E2536","E07000141","South Kesteven","0","2015-16"
"E2536","E07000141","South Kesteven","0","2016-17"
"E2536","E07000141","South Kesteven","0","2017-18"
"E0936","E07000031","South Lakeland","0","2013-14"
"E0936","E07000031","South Lakeland","0","2014-15"
"E0936","E07000031","South Lakeland","0","2015-16"
"E0936","E07000031","South Lakeland","0","2016-17"
"E0936","E07000031","South Lakeland","0","2017-18"
"E2637","E07000149","South Norfolk","0","2013-14"
"E2637","E07000149","South Norfolk","0","2014-15"
"E2637","E07000149","South Norfolk","0","2015-16"
"E2637","E07000149","South Norfolk","0","2016-17"
"E2637","E07000149","South Norfolk","0","2017-18"
"E2836","E07000155","South Northamptonshire","0","2013-14"
"E2836","E07000155","South Northamptonshire","0","2014-15"
"E2836","E07000155","South Northamptonshire","0","2015-16"
"E2836","E07000155","South Northamptonshire","0","2016-17"
"E2836","E07000155","South Northamptonshire","0","2017-18"
"E3133","E07000179","South Oxfordshire","0","2013-14"
"E3133","E07000179","South Oxfordshire","0","2014-15"
"E3133","E07000179","South Oxfordshire","0","2015-16"
"E3133","E07000179","South Oxfordshire","0","2016-17"
"E3133","E07000179","South Oxfordshire","0","2017-18"
"E2342","E07000126","South Ribble","0","2013-14"
"E2342","E07000126","South Ribble","0","2014-15"
"E2342","E07000126","South Ribble","0","2015-16"
"E2342","E07000126","South Ribble","0","2016-17"
"E2342","E07000126","South Ribble","0","2017-18"
"E3334","E07000189","South Somerset","0","2013-14"
"E3334","E07000189","South Somerset","0","2014-15"
"E3334","E07000189","South Somerset","0","2015-16"
"E3334","E07000189","South Somerset","0","2016-17"
"E3334","E07000189","South Somerset","0","2017-18"
"E3435","E07000196","South Staffordshire","0","2013-14"
"E3435","E07000196","South Staffordshire","0","2014-15"
"E3435","E07000196","South Staffordshire","0","2015-16"
"E3435","E07000196","South Staffordshire","47","2016-17"
"E3435","E07000196","South Staffordshire","70","2017-18"
"E4504","E08000023","South Tyneside","50781","2013-14"
"E4504","E08000023","South Tyneside","46726","2014-15"
"E4504","E08000023","South Tyneside","49429","2015-16"
"E4504","E08000023","South Tyneside","38300","2016-17"
"E4504","E08000023","South Tyneside","44536","2017-18"
"E1702","E06000045","Southampton UA","62706","2013-14"
"E1702","E06000045","Southampton UA","67042","2014-15"
"E1702","E06000045","Southampton UA","65141","2015-16"
"E1702","E06000045","Southampton UA","63297","2016-17"
"E1702","E06000045","Southampton UA","62883","2017-18"
"E1501","E06000033","Southend-on-Sea UA","38617","2013-14"
"E1501","E06000033","Southend-on-Sea UA","43192","2014-15"
"E1501","E06000033","Southend-on-Sea UA","42149","2015-16"
"E1501","E06000033","Southend-on-Sea UA","41016","2016-17"
"E1501","E06000033","Southend-on-Sea UA","45460","2017-18"
"E5019","E09000028","Southwark","93376","2013-14"
"E5019","E09000028","Southwark","96291","2014-15"
"E5019","E09000028","Southwark","97311","2015-16"
"E5019","E09000028","Southwark","82406","2016-17"
"E5019","E09000028","Southwark","90935","2017-18"
"E3637","E07000213","Spelthorne","481","2013-14"
"E3637","E07000213","Spelthorne","533","2014-15"
"E3637","E07000213","Spelthorne","439","2015-16"
"E3637","E07000213","Spelthorne","474","2016-17"
"E3637","E07000213","Spelthorne","598","2017-18"
"E1936","E07000240","St Albans","0","2013-14"
"E1936","E07000240","St Albans","0","2014-15"
"E1936","E07000240","St Albans","0","2015-16"
"E1936","E07000240","St Albans","0","2016-17"
"E1936","E07000240","St Albans","0","2017-18"
"E3535","E07000204","St Edmundsbury","0","2013-14"
"E3535","E07000204","St Edmundsbury","0","2014-15"
"E3535","E07000204","St Edmundsbury","0","2015-16"
"E3535","E07000204","St Edmundsbury","0","2016-17"
"E3535","E07000204","St Edmundsbury","0","2017-18"
"E4303","E08000013","St Helens","47778","2015-16"
"E4303","E08000013","St Helens","44482","2016-17"
"E4303","E08000013","St Helens","49802","2017-18"
"E4303","E08000013","St Helens MBC","48189","2013-14"
"E4303","E08000013","St Helens MBC","48925","2014-15"
"E3436","E07000197","Stafford","0","2015-16"
"E3436","E07000197","Stafford","0","2016-17"
"E3436","E07000197","Stafford","0","2017-18"
"E3436","E07000197","Stafford BC","0","2013-14"
"E3436","E07000197","Stafford BC","0","2014-15"
"E3421","E10000028","Staffordshire","202267","2015-16"
"E3421","E10000028","Staffordshire","184862","2016-17"
"E3421","E10000028","Staffordshire","220890","2017-18"
"E3421","E10000028","Staffordshire CC","230958","2013-14"
"E3421","E10000028","Staffordshire CC","220709","2014-15"
"E3437","E07000198","Staffordshire Moorlands","0","2013-14"
"E3437","E07000198","Staffordshire Moorlands","0","2014-15"
"E3437","E07000198","Staffordshire Moorlands","0","2015-16"
"E3437","E07000198","Staffordshire Moorlands","0","2016-17"
"E3437","E07000198","Staffordshire Moorlands","0","2017-18"
"E1937","E07000243","Stevenage","19","2013-14"
"E1937","E07000243","Stevenage","4","2014-15"
"E1937","E07000243","Stevenage","2","2015-16"
"E1937","E07000243","Stevenage","8","2016-17"
"E1937","E07000243","Stevenage","9","2017-18"
"E4207","E08000007","Stockport","75540","2015-16"
"E4207","E08000007","Stockport","80662","2016-17"
"E4207","E08000007","Stockport","87214.3975389858","2017-18"
"E4207","E08000007","Stockport MBC","71708","2013-14"
"E4207","E08000007","Stockport MBC","72340","2014-15"
"E0704","E06000004","Stockton-on-Tees UA","49254","2013-14"
"E0704","E06000004","Stockton-on-Tees UA","45495","2014-15"
"E0704","E06000004","Stockton-on-Tees UA","44070","2015-16"
"E0704","E06000004","Stockton-on-Tees UA","46959","2016-17"
"E0704","E06000004","Stockton-on-Tees UA","53490","2017-18"
"E3401","E06000021","Stoke-on-Trent UA","68701","2013-14"
"E3401","E06000021","Stoke-on-Trent UA","67813","2014-15"
"E3401","E06000021","Stoke-on-Trent UA","68753","2015-16"
"E3401","E06000021","Stoke-on-Trent UA","66299","2016-17"
"E3401","E06000021","Stoke-on-Trent UA","72829","2017-18"
"E3734","E07000221","Stratford-on-Avon","0","2013-14"
"E3734","E07000221","Stratford-on-Avon","0","2014-15"
"E3734","E07000221","Stratford-on-Avon","0","2015-16"
"E3734","E07000221","Stratford-on-Avon","0","2016-17"
"E3734","E07000221","Stratford-on-Avon","0","2017-18"
"E1635","E07000082","Stroud","0","2013-14"
"E1635","E07000082","Stroud","0","2014-15"
"E1635","E07000082","Stroud","0","2015-16"
"E1635","E07000082","Stroud","0","2016-17"
"E1635","E07000082","Stroud","0","2017-18"
"E3520","E10000029","Suffolk","204939","2015-16"
"E3520","E10000029","Suffolk","210615","2016-17"
"E3520","E10000029","Suffolk","232110","2017-18"
"E3520","E10000029","Suffolk CC","211909","2013-14"
"E3520","E10000029","Suffolk CC","205816","2014-15"
"E3536","E07000205","Suffolk Coastal","0","2013-14"
"E3536","E07000205","Suffolk Coastal","0","2014-15"
"E3536","E07000205","Suffolk Coastal","0","2015-16"
"E3536","E07000205","Suffolk Coastal","0","2016-17"
"E3536","E07000205","Suffolk Coastal","0","2017-18"
"E4505","E08000024","Sunderland","79326","2013-14"
"E4505","E08000024","Sunderland","76290","2014-15"
"E4505","E08000024","Sunderland","80024","2015-16"
"E4505","E08000024","Sunderland","75621","2016-17"
"E4505","E08000024","Sunderland","83499","2017-18"
"E3620","E10000030","Surrey","368448","2015-16"
"E3620","E10000030","Surrey","367170","2016-17"
"E3620","E10000030","Surrey","377797","2017-18"
"E3620","E10000030","Surrey CC","356571","2013-14"
"E3620","E10000030","Surrey CC","369479","2014-15"
"E3638","E07000214","Surrey Heath","608","2013-14"
"E3638","E07000214","Surrey Heath","851","2014-15"
"E3638","E07000214","Surrey Heath","316","2015-16"
"E3638","E07000214","Surrey Heath","529","2016-17"
"E3638","E07000214","Surrey Heath","403","2017-18"
"E5048","E09000029","Sutton","53751","2013-14"
"E5048","E09000029","Sutton","57502","2014-15"
"E5048","E09000029","Sutton","54336","2015-16"
"E5048","E09000029","Sutton","52203","2016-17"
"E5048","E09000029","Sutton","53811","2017-18"
"E2241","E07000113","Swale","0","2013-14"
"E2241","E07000113","Swale","0","2014-15"
"E2241","E07000113","Swale","0","2015-16"
"E2241","E07000113","Swale","0","2016-17"
"E2241","E07000113","Swale","0","2017-18"
"E3901","E06000030","Swindon UA","54987","2013-14"
"E3901","E06000030","Swindon UA","55914","2014-15"
"E3901","E06000030","Swindon UA","55813","2015-16"
"E3901","E06000030","Swindon UA","53202","2016-17"
"E3901","E06000030","Swindon UA","63243","2017-18"
"E4208","E08000008","Tameside","50562","2013-14"
"E4208","E08000008","Tameside","54905","2014-15"
"E4208","E08000008","Tameside","45982","2015-16"
"E4208","E08000008","Tameside","39781","2016-17"
"E4208","E08000008","Tameside","54909.0250180712","2017-18"
"E3439","E07000199","Tamworth","0","2013-14"
"E3439","E07000199","Tamworth","-14","2014-15"
"E3439","E07000199","Tamworth","-27","2015-16"
"E3439","E07000199","Tamworth","7","2016-17"
"E3439","E07000199","Tamworth","7","2017-18"
"E3639","E07000215","Tandridge","352","2013-14"
"E3639","E07000215","Tandridge","349","2014-15"
"E3639","E07000215","Tandridge","378","2015-16"
"E3639","E07000215","Tandridge","385","2016-17"
"E3639","E07000215","Tandridge","312","2017-18"
"E3333","E07000190","Taunton Deane","0","2013-14"
"E3333","E07000190","Taunton Deane","0","2014-15"
"E3333","E07000190","Taunton Deane","0","2015-16"
"E3333","E07000190","Taunton Deane","0","2016-17"
"E3333","E07000190","Taunton Deane","0","2017-18"
"E1137","E07000045","Teignbridge","0","2013-14"
"E1137","E07000045","Teignbridge","0","2014-15"
"E1137","E07000045","Teignbridge","0","2015-16"
"E1137","E07000045","Teignbridge","0","2016-17"
"E1137","E07000045","Teignbridge","0","2017-18"
"E3201","E06000020","Telford & the Wrekin UA","44147","2013-14"
"E3201","E06000020","Telford and the Wrekin UA","42825","2014-15"
"E3201","E06000020","Telford and the Wrekin UA","42009","2015-16"
"E3201","E06000020","Telford and the Wrekin UA","40900","2016-17"
"E3201","E06000020","Telford and the Wrekin UA","47382.4437730681","2017-18"
"E1542","E07000076","Tendring","-63","2015-16"
"E1542","E07000076","Tendring","50","2016-17"
"E1542","E07000076","Tendring","79","2017-18"
"E1542","E07000076","Tendring DC","-198","2013-14"
"E1542","E07000076","Tendring DC","-178","2014-15"
"E1742","E07000093","Test Valley","0","2013-14"
"E1742","E07000093","Test Valley","0","2014-15"
"E1742","E07000093","Test Valley","0","2015-16"
"E1742","E07000093","Test Valley","0","2016-17"
"E1742","E07000093","Test Valley","0","2017-18"
"E1636","E07000083","Tewkesbury","0","2013-14"
"E1636","E07000083","Tewkesbury","0","2014-15"
"E1636","E07000083","Tewkesbury","0","2015-16"
"E1636","E07000083","Tewkesbury","0","2016-17"
"E1636","E07000083","Tewkesbury","0","2017-18"
"E2242","E07000114","Thanet","0","2013-14"
"E2242","E07000114","Thanet","0","2014-15"
"E2242","E07000114","Thanet","0","2015-16"
"E2242","E07000114","Thanet","0","2016-17"
"E2242","E07000114","Thanet","0","2017-18"
"E2201","E06000035","The Medway Towns UA","64269","2015-16"
"E2201","E06000035","The Medway Towns UA","61626","2016-17"
"E2201","E06000035","The Medway Towns UA","65982","2017-18"
"E1938","E07000102","Three Rivers","0","2013-14"
"E1938","E07000102","Three Rivers","0","2014-15"
"E1938","E07000102","Three Rivers","0","2015-16"
"E1938","E07000102","Three Rivers","0","2016-17"
"E1938","E07000102","Three Rivers","0","2017-18"
"E1502","E06000034","Thurrock UA","37035","2013-14"
"E1502","E06000034","Thurrock UA","39803","2014-15"
"E1502","E06000034","Thurrock UA","33670","2015-16"
"E1502","E06000034","Thurrock UA","32947","2016-17"
"E1502","E06000034","Thurrock UA","37081","2017-18"
"E2243","E07000115","Tonbridge & Malling","0","2013-14"
"E2243","E07000115","Tonbridge & Malling","0","2014-15"
"E2243","E07000115","Tonbridge & Malling","0","2015-16"
"E2243","E07000115","Tonbridge & Malling","0","2016-17"
"E2243","E07000115","Tonbridge & Malling","0","2017-18"
"E1102","E06000027","Torbay UA","40427","2013-14"
"E1102","E06000027","Torbay UA","40124","2014-15"
"E1102","E06000027","Torbay UA","41308","2015-16"
"E1102","E06000027","Torbay UA","37521","2016-17"
"E1102","E06000027","Torbay UA","43719","2017-18"
"E1139","E07000046","Torridge","0","2013-14"
"E1139","E07000046","Torridge","0","2014-15"
"E1139","E07000046","Torridge","0","2015-16"
"E1139","E07000046","Torridge","0","2016-17"
"E1139","E07000046","Torridge","0","2017-18"
"E5020","E09000030","Tower Hamlets","104935","2013-14"
"E5020","E09000030","Tower Hamlets","93140","2014-15"
"E5020","E09000030","Tower Hamlets","92555.485629999981","2015-16"
"E5020","E09000030","Tower Hamlets","89134","2016-17"
"E5020","E09000030","Tower Hamlets","106114.617850482","2017-18"
"E4209","E08000009","Trafford","54861","2013-14"
"E4209","E08000009","Trafford","56062","2014-15"
"E4209","E08000009","Trafford","51438","2015-16"
"E4209","E08000009","Trafford","55408","2016-17"
"E4209","E08000009","Trafford","54681","2017-18"
"E2244","E07000116","Tunbridge Wells","0","2013-14"
"E2244","E07000116","Tunbridge Wells","0","2014-15"
"E2244","E07000116","Tunbridge Wells","0","2015-16"
"E2244","E07000116","Tunbridge Wells","0","2016-17"
"E2244","E07000116","Tunbridge Wells","0","2017-18"
"E1544","E07000077","Uttlesford","81","2013-14"
"E1544","E07000077","Uttlesford","181","2014-15"
"E1544","E07000077","Uttlesford","153","2015-16"
"E1544","E07000077","Uttlesford","139","2016-17"
"E1544","E07000077","Uttlesford","134","2017-18"
"E3134","E07000180","Vale of White Horse","0","2015-16"
"E3134","E07000180","Vale of White Horse","0","2016-17"
"E3134","E07000180","Vale of White Horse","0","2017-18"
"E3134","E07000180","Vale of White Horse DC","0","2013-14"
"E3134","E07000180","Vale of White Horse DC","0","2014-15"
"E4705","E08000036","Wakefield","80835","2013-14"
"E4705","E08000036","Wakefield","81892","2014-15"
"E4705","E08000036","Wakefield","81099","2015-16"
"E4705","E08000036","Wakefield","65964","2016-17"
"E4705","E08000036","Wakefield","77503.91301","2017-18"
"E4606","E08000030","Walsall","75976","2013-14"
"E4606","E08000030","Walsall","73776","2014-15"
"E4606","E08000030","Walsall","65634","2015-16"
"E4606","E08000030","Walsall","88147","2016-17"
"E4606","E08000030","Walsall","76583","2017-18"
"E5049","E09000031","Waltham Forest","65563","2013-14"
"E5049","E09000031","Waltham Forest","65978","2014-15"
"E5049","E09000031","Waltham Forest","68697","2015-16"
"E5049","E09000031","Waltham Forest","63777","2016-17"
"E5049","E09000031","Waltham Forest","67363","2017-18"
"E5021","E09000032","Wandsworth","84737","2013-14"
"E5021","E09000032","Wandsworth","83923","2014-15"
"E5021","E09000032","Wandsworth","84651","2015-16"
"E5021","E09000032","Wandsworth","83775","2016-17"
"E5021","E09000032","Wandsworth","91568","2017-18"
"E0602","E06000007","Warrington UA","51363","2013-14"
"E0602","E06000007","Warrington UA","55359","2014-15"
"E0602","E06000007","Warrington UA","54741","2015-16"
"E0602","E06000007","Warrington UA","49000","2016-17"
"E0602","E06000007","Warrington UA","57070","2017-18"
"E3735","E07000222","Warwick","0","2013-14"
"E3735","E07000222","Warwick","0","2014-15"
"E3735","E07000222","Warwick","0","2015-16"
"E3735","E07000222","Warwick","0","2016-17"
"E3735","E07000222","Warwick","0","2017-18"
"E3720","E10000031","Warwickshire","125639","2015-16"
"E3720","E10000031","Warwickshire","144975","2016-17"
"E3720","E10000031","Warwickshire","154803","2017-18"
"E3720","E10000031","Warwickshire CC","130932","2013-14"
"E3720","E10000031","Warwickshire CC","130729","2014-15"
"E1939","E07000103","Watford","0","2013-14"
"E1939","E07000103","Watford","0","2014-15"
"E1939","E07000103","Watford","0","2015-16"
"E1939","E07000103","Watford","0","2016-17"
"E1939","E07000103","Watford","0","2017-18"
"E3537","E07000206","Waveney","15","2013-14"
"E3537","E07000206","Waveney","13","2014-15"
"E3537","E07000206","Waveney","13","2015-16"
"E3537","E07000206","Waveney","2","2016-17"
"E3537","E07000206","Waveney","2","2017-18"
"E3640","E07000216","Waverley","306","2013-14"
"E3640","E07000216","Waverley","321","2014-15"
"E3640","E07000216","Waverley","339","2015-16"
"E3640","E07000216","Waverley","482","2016-17"
"E3640","E07000216","Waverley","347","2017-18"
"E1437","E07000065","Wealden","0","2013-14"
"E1437","E07000065","Wealden","0","2014-15"
"E1437","E07000065","Wealden","0","2015-16"
"E1437","E07000065","Wealden","0","2016-17"
"E1437","E07000065","Wealden","0","2017-18"
"E2837","E07000156","Wellingborough","188","2013-14"
"E2837","E07000156","Wellingborough","0","2014-15"
"E2837","E07000156","Wellingborough","0","2015-16"
"E2837","E07000156","Wellingborough","0","2016-17"
"E2837","E07000156","Wellingborough","0","2017-18"
"E1940","E07000241","Welwyn Hatfield","609","2013-14"
"E1940","E07000241","Welwyn Hatfield","270","2014-15"
"E1940","E07000241","Welwyn Hatfield","114","2015-16"
"E1940","E07000241","Welwyn Hatfield","94","2016-17"
"E1940","E07000241","Welwyn Hatfield","96","2017-18"
"E0302","E06000037","West Berkshire UA","38857","2013-14"
"E0302","E06000037","West Berkshire UA","40295","2014-15"
"E0302","E06000037","West Berkshire UA","42857","2015-16"
"E0302","E06000037","West Berkshire UA","43019","2016-17"
"E0302","E06000037","West Berkshire UA","41553","2017-18"
"E1140","E07000047","West Devon","0","2013-14"
"E1140","E07000047","West Devon","0","2014-15"
"E1140","E07000047","West Devon","0","2015-16"
"E1140","E07000047","West Devon","0","2016-17"
"E1140","E07000047","West Devon","0","2017-18"
"E1237","E07000052","West Dorset","0","2015-16"
"E1237","E07000052","West Dorset","0","2016-17"
"E1237","E07000052","West Dorset","0","2017-18"
"E1237","E07000052","West Dorset DC","0","2013-14"
"E1237","E07000052","West Dorset DC","0","2014-15"
"E2343","E07000127","West Lancashire","0","2013-14"
"E2343","E07000127","West Lancashire","0","2014-15"
"E2343","E07000127","West Lancashire","0","2015-16"
"E2343","E07000127","West Lancashire","0","2016-17"
"E2343","E07000127","West Lancashire","0","2017-18"
"E2537","E07000142","West Lindsey","0","2013-14"
"E2537","E07000142","West Lindsey","0","2014-15"
"E2537","E07000142","West Lindsey","0","2015-16"
"E2537","E07000142","West Lindsey","0","2016-17"
"E2537","E07000142","West Lindsey","0","2017-18"
"E3135","E07000181","West Oxfordshire","0","2013-14"
"E3135","E07000181","West Oxfordshire","0","2014-15"
"E3135","E07000181","West Oxfordshire","0","2015-16"
"E3135","E07000181","West Oxfordshire","0","2016-17"
"E3135","E07000181","West Oxfordshire","0","2017-18"
"E3335","E07000191","West Somerset","0","2015-16"
"E3335","E07000191","West Somerset","0","2016-17"
"E3335","E07000191","West Somerset","0","2017-18"
"E3335","E07000191","West Somerset DC","0","2013-14"
"E3335","E07000191","West Somerset DC","0","2014-15"
"E3820","E10000032","West Sussex","194403","2015-16"
"E3820","E10000032","West Sussex","199779","2016-17"
"E3820","E10000032","West Sussex","207735","2017-18"
"E3820","E10000032","West Sussex CC","203696","2013-14"
"E3820","E10000032","West Sussex CC","208861","2014-15"
"E5022","E09000033","Westminster","71276","2013-14"
"E5022","E09000033","Westminster","68932","2014-15"
"E5022","E09000033","Westminster","66550.47013999999","2015-16"
"E5022","E09000033","Westminster","66234","2016-17"
"E5022","E09000033","Westminster","74151.18037","2017-18"
"E1238","E07000053","Weymouth & Portland","0","2013-14"
"E1238","E07000053","Weymouth & Portland","0","2014-15"
"E1238","E07000053","Weymouth & Portland","0","2015-16"
"E1238","E07000053","Weymouth & Portland","0","2016-17"
"E1238","E07000053","Weymouth & Portland","0","2017-18"
"E4210","E08000010","Wigan","71184","2015-16"
"E4210","E08000010","Wigan","72012","2016-17"
"E4210","E08000010","Wigan","79795","2017-18"
"E4210","E08000010","Wigan MBC","75816","2013-14"
"E4210","E08000010","Wigan MBC","75986","2014-15"
"E3902","E06000054","Wiltshire UA","136290","2013-14"
"E3902","E06000054","Wiltshire UA","138281","2014-15"
"E3902","E06000054","Wiltshire UA","143007","2015-16"
"E3902","E06000054","Wiltshire UA","146584","2016-17"
"E3902","E06000054","Wiltshire UA","148337","2017-18"
"E1743","E07000094","Winchester","0","2013-14"
"E1743","E07000094","Winchester","0","2014-15"
"E1743","E07000094","Winchester","0","2015-16"
"E1743","E07000094","Winchester","0","2016-17"
"E1743","E07000094","Winchester","0","2017-18"
"E0305","E06000040","Windsor & Maidenhead UA","35246","2013-14"
"E0305","E06000040","Windsor & Maidenhead UA","36620","2014-15"
"E0305","E06000040","Windsor & Maidenhead UA","39027","2015-16"
"E0305","E06000040","Windsor & Maidenhead UA","37299","2016-17"
"E0305","E06000040","Windsor & Maidenhead UA","38430","2017-18"
"E4305","E08000015","Wirral","82450","2013-14"
"E4305","E08000015","Wirral","78290","2014-15"
"E4305","E08000015","Wirral","83314","2015-16"
"E4305","E08000015","Wirral","71311","2016-17"
"E4305","E08000015","Wirral","86115","2017-18"
"E3641","E07000217","Woking","887","2015-16"
"E3641","E07000217","Woking","1095","2016-17"
"E3641","E07000217","Woking","1192","2017-18"
"E3641","E07000217","Woking BC","1030","2013-14"
"E3641","E07000217","Woking BC","889","2014-15"
"E0306","E06000041","Wokingham UA","47159","2013-14"
"E0306","E06000041","Wokingham UA","45399","2014-15"
"E0306","E06000041","Wokingham UA","45786","2015-16"
"E0306","E06000041","Wokingham UA","44002","2016-17"
"E0306","E06000041","Wokingham UA","45570","2017-18"
"E4607","E08000031","Wolverhampton","83680","2013-14"
"E4607","E08000031","Wolverhampton","73202","2014-15"
"E4607","E08000031","Wolverhampton","69476","2015-16"
"E4607","E08000031","Wolverhampton","69346","2016-17"
"E4607","E08000031","Wolverhampton","74048","2017-18"
"E1837","E07000237","Worcester","0","2013-14"
"E1837","E07000237","Worcester","0","2014-15"
"E1837","E07000237","Worcester","0","2015-16"
"E1837","E07000237","Worcester","0","2016-17"
"E1837","E07000237","Worcester","0","2017-18"
"E1821","E10000034","Worcestershire","135480","2015-16"
"E1821","E10000034","Worcestershire","137467","2016-17"
"E1821","E10000034","Worcestershire","146906","2017-18"
"E1821","E10000034","Worcestershire CC","153321","2013-14"
"E1821","E10000034","Worcestershire CC","140802","2014-15"
"E3837","E07000229","Worthing","103","2013-14"
"E3837","E07000229","Worthing","73","2014-15"
"E3837","E07000229","Worthing","97","2015-16"
"E3837","E07000229","Worthing","95","2016-17"
"E3837","E07000229","Worthing","71","2017-18"
"E1838","E07000238","Wychavon","0","2013-14"
"E1838","E07000238","Wychavon","0","2014-15"
"E1838","E07000238","Wychavon","0","2015-16"
"E1838","E07000238","Wychavon","0","2016-17"
"E1838","E07000238","Wychavon","0","2017-18"
"E0435","E07000007","Wycombe","0","2013-14"
"E0435","E07000007","Wycombe","0","2014-15"
"E0435","E07000007","Wycombe","0","2015-16"
"E0435","E07000007","Wycombe","0","2016-17"
"E0435","E07000007","Wycombe","0","2017-18"
"E2344","E07000128","Wyre","0","2013-14"
"E2344","E07000128","Wyre","0","2014-15"
"E2344","E07000128","Wyre","0","2015-16"
"E2344","E07000128","Wyre","0","2016-17"
"E2344","E07000128","Wyre","0","2017-18"
"E1839","E07000239","Wyre Forest","148","2013-14"
"E1839","E07000239","Wyre Forest","108","2014-15"
"E1839","E07000239","Wyre Forest","78","2015-16"
"E1839","E07000239","Wyre Forest","75","2016-17"
"E1839","E07000239","Wyre Forest","71","2017-18"
"E2701","E06000014","York UA","49019","2013-14"
"E2701","E06000014","York UA","49224","2014-15"
"E2701","E06000014","York UA","47526","2015-16"
"E2701","E06000014","York UA","46702","2016-17"
"E2701","E06000014","York UA","49667","2017-18"
